Workbook

Sheet README
A1: Childhood Immunisation Coverage in Nigeria - analysis workbook
A2: Capstone: Assessment of Childhood Immunisation Coverage and Inequalities in Nigeria: A Data-Driven Public Health Analysis
A4: Topic | B4: Detail
A5: Source | B5: WHO/UNICEF WUENIC 2025 revision, survey-data file (all countries). Nigeria rows extracted unchanged to Raw_Nigeria. Source file name: survey-data_wuenic2025rev.xlsx.
A6: What the file covers | B6: 1,140 Nigeria records from 22 surveys (birth cohorts 1984-2022), by vaccine, evidence type and age group, national level only.
A7: What it does not cover | B7: States, urban/rural, wealth, education or sex of the child. Geography and inequality aims need extra data (see Findings, section C).
A8: Standard definition used | B8: Children aged 12-23 months, evidence = 'Record or Recall', core vaccines BCG, DTP1, DTP3, POL3, MCV1, FULL (Clean_Data: Standard_Comparable = 1).
A9: Guide step 3 - clean | B9: Raw_Nigeria > Clean_Data (formulas) and Cleaning_Log.
A10: Guide step 4 - coverage | B10: Coverage sheet (coverage, dropout, zero-dose proxy, margin of error).
A11: Guide step 5 - compare | B11: Summary (years, survey families), Benchmark (bordering countries). Only countries exist as locations in this file.
A12: Guide step 6 - tables and charts | B12: Summary (4 tables, 5 charts), Benchmark chart, Trend_Data (chart feeders).
A13: Guide step 7 - dashboard | B13: Power_BI_Guide. The .pbix itself must be built in Power BI Desktop; Clean_Data and Surveys are the tables to load.
A14: Guide step 8 - interpret | B14: Findings (live-formula sentences, recommendations, limits).
A15: Assumptions | B15: Design effect = 2.0 (Coverage!B3, yellow cell, blue text). It is an assumption, not source data, and only drives margins of error.
... A18: Important caveat | B18: All values are crude survey estimates (validity = CRUDE), not the official WHO/UNICEF national estimates.
A21: Clean_Data column dictionary
A22: Survey / Survey_Family | B22: Cleaned survey name and its family (DHS, MICS, Coverage survey, Nutrition survey, Other).
A23: Collect_*_Year / Month | B23: Fieldwork dates split out; placeholder months (above 12) left blank.
A24: Cohort_Year | B24: Birth cohort the estimate refers to (not the survey year).
A25: Coverage_Pct / Denominator_n / Cards_Seen_Pct | B25: Coverage %, number of children, and % with a card seen (blank if not reported).
A26: Population_Group, In_Scope_Child, Standard_Comparable, Core_Vaccine, DHS_or_MICS | B26: Flags used to filter the analysis sets.
A27: Key_Count | B27: Rows sharing the same survey, cohort, vaccine, evidence and ages; should be 1.

Sheet Raw_Nigeria
A1: ISO3 | B1: surveyNameEnglish | C1: surveyNameProduction | D1: collectBegin | E1: collectEnd | F1: cohortYear | G1: vaccine | H1: evidence | I1: cardsSeen | J1: validity | K1: ageVaccination | L1: ageInterview | M1: coverage | N1: denominator
A2: NGA | C2: Status report on revised EPI programme from 1985 to 1989 | D2: 1985-98 | E2: 1985-98 | F2: 1984 | G2: BCG | H2: Record or Recall | J2: CRUDE | K2: 0-23 m | L2: 12-23 m | M2: 16.5
A3: NGA | C3: Status report on revised EPI programme from 1985 to 1989 | D3: 1985-98 | E3: 1985-98 | F3: 1984 | G3: DTP3 | H3: Record or Recall | J3: CRUDE | K3: 0-23 m | L3: 12-23 m | M3: 8.9
A4: NGA | C4: Status report on revised EPI programme from 1985 to 1989 | D4: 1985-98 | E4: 1985-98 | F4: 1984 | G4: MCV1 | H4: Record or Recall | J4: CRUDE | K4: 0-23 m | L4: 12-23 m | M4: 9.1
A5: NGA | C5: Status report on revised EPI programme from 1985 to 1989 | D5: 1985-98 | E5: 1985-98 | F5: 1984 | G5: POL3 | H5: Record or Recall | J5: CRUDE | K5: 0-23 m | L5: 12-23 m | M5: 8.1
A6: NGA | C6: Status report on revised EPI programme from 1985 to 1989 | D6: 1985-98 | E6: 1985-98 | F6: 1984 | G6: TT1 | H6: Record or Recall | J6: CRUDE | L6: CBAW | M6: 11.1
A7: NGA | C7: Status report on revised EPI programme from 1985 to 1989 | D7: 1985-98 | E7: 1985-98 | F7: 1984 | G7: TT2+ | H7: Record or Recall | J7: CRUDE | L7: CBAW | M7: 7
A8: NGA | C8: Status report on revised EPI programme from 1985 to 1989 | D8: 1986-98 | E8: 1986-98 | F8: 1985 | G8: BCG | H8: Record or Recall | J8: CRUDE | K8: 0-23 m | L8: 12-23 m | M8: 28.3
A9: NGA | C9: Status report on revised EPI programme from 1985 to 1989 | D9: 1986-98 | E9: 1986-98 | F9: 1985 | G9: DTP3 | H9: Record or Recall | J9: CRUDE | K9: 0-23 m | L9: 12-23 m | M9: 15.9
A10: NGA | C10: Status report on revised EPI programme from 1985 to 1989 | D10: 1986-98 | E10: 1986-98 | F10: 1985 | G10: MCV1 | H10: Record or Recall | J10: CRUDE | K10: 0-23 m | L10: 12-23 m | M10: 17.2
A11: NGA | C11: Status report on revised EPI programme from 1985 to 1989 | D11: 1986-98 | E11: 1986-98 | F11: 1985 | G11: POL3 | H11: Record or Recall | J11: CRUDE | K11: 0-23 m | L11: 12-23 m | M11: 16.3
A12: NGA | C12: Status report on revised EPI programme from 1985 to 1989 | D12: 1986-98 | E12: 1986-98 | F12: 1985 | G12: TT1 | H12: Record or Recall | J12: CRUDE | L12: CBAW | M12: 17.4
A13: NGA | C13: Status report on revised EPI programme from 1985 to 1989 | D13: 1986-98 | E13: 1986-98 | F13: 1985 | G13: TT2+ | H13: Record or Recall | J13: CRUDE | L13: CBAW | M13: 17.4
A14: NGA | C14: Status report on revised EPI programme from 1985 to 1989 | D14: 1987-98 | E14: 1987-98 | F14: 1986 | G14: BCG | H14: Record or Recall | J14: CRUDE | K14: 0-23 m | L14: 12-23 m | M14: 40
A15: NGA | C15: Nigeria Demographic and Health Survey 1990, 1992 | D15: 1990-04 | E15: 1990-10 | F15: 1986 | G15: BCG | H15: Record or Recall<12m | J15: CRUDE | K15: 0-12 m | L15: 48-59 m | M15: 30.4 | N15: 1349
A16: NGA | C16: Nigeria Demographic and Health Survey 1990, 1992 | D16: 1990-04 | E16: 1990-10 | F16: 1986 | G16: DTP1 | H16: Record or Recall<12m | J16: CRUDE | K16: 0-12 m | L16: 48-59 m | M16: 27 | N16: 1349
A17: NGA | C17: Status report on revised EPI programme from 1985 to 1989 | D17: 1987-98 | E17: 1987-98 | F17: 1986 | G17: DTP3 | H17: Record or Recall | J17: CRUDE | K17: 0-23 m | L17: 12-23 m | M17: 21.5
A18: NGA | C18: Nigeria Demographic and Health Survey 1990, 1992 | D18: 1990-04 | E18: 1990-10 | F18: 1986 | G18: DTP3 | H18: Record or Recall<12m | J18: CRUDE | K18: 0-12 m | L18: 48-59 m | M18: 16.6 | N18: 1349
A19: NGA | C19: Nigeria Demographic and Health Survey 1990, 1992 | D19: 1990-04 | E19: 1990-10 | F19: 1986 | G19: FULL | H19: Record or Recall<12m | J19: CRUDE | K19: 0-12 m | L19: 48-59 m | M19: 11.2 | N19: 1349
A20: NGA | C20: Status report on revised EPI programme from 1985 to 1989 | D20: 1987-98 | E20: 1987-98 | F20: 1986 | G20: MCV1 | H20: Record or Recall | J20: CRUDE | K20: 0-23 m | L20: 12-23 m | M20: 28
A21: NGA | C21: Nigeria Demographic and Health Survey 1990, 1992 | D21: 1990-04 | E21: 1990-10 | F21: 1986 | G21: MCV1 | H21: Record or Recall<12m | J21: CRUDE | K21: 0-12 m | L21: 48-59 m | M21: 15.8 | N21: 1349
A22: NGA | C22: Nigeria Demographic and Health Survey 1990, 1992 | D22: 1990-04 | E22: 1990-10 | F22: 1986 | G22: POL1 | H22: Record or Recall<12m | J22: CRUDE | K22: 0-12 m | L22: 48-59 m | M22: 27.1 | N22: 1349
A23: NGA | C23: Status report on revised EPI programme from 1985 to 1989 | D23: 1987-98 | E23: 1987-98 | F23: 1986 | G23: POL3 | H23: Record or Recall | J23: CRUDE | K23: 0-23 m | L23: 12-23 m | M23: 20.7
A24: NGA | C24: Nigeria Demographic and Health Survey 1990, 1992 | D24: 1990-04 | E24: 1990-10 | F24: 1986 | G24: POL3 | H24: Record or Recall<12m | J24: CRUDE | K24: 0-12 m | L24: 48-59 m | M24: 16.5 | N24: 1349
A25: NGA | C25: Status report on revised EPI programme from 1985 to 1989 | D25: 1987-98 | E25: 1987-98 | F25: 1986 | G25: TT1 | H25: Record or Recall | J25: CRUDE | L25: CBAW | M25: 21.7
A26: NGA | C26: Status report on revised EPI programme from 1985 to 1989 | D26: 1987-98 | E26: 1987-98 | F26: 1986 | G26: TT2+ | H26: Record or Recall | J26: CRUDE | L26: CBAW | M26: 22
A27: NGA | C27: EPI, Immunization Coverage Survey, 1988 | D27: 1988-98 | E27: 1988-98 | F27: 1987 | G27: BCG | H27: Record | J27: CRUDE | K27: 0-23 m | L27: 12-23 m | M27: 52.9 | N27: 9240
A28: NGA | C28: EPI, Immunization Coverage Survey, 1988 | D28: 1988-98 | E28: 1988-98 | F28: 1987 | G28: BCG | H28: Record or Recall | J28: CRUDE | K28: 0-23 m | L28: 12-23 m | M28: 72.2 | N28: 9240
A29: NGA | C29: EPI, Immunization Coverage Survey, 1988 | D29: 1988-98 | E29: 1988-98 | F29: 1987 | G29: BCG | H29: Recall | J29: CRUDE | K29: 0-23 m | L29: 12-23 m | M29: 19.3 | N29: 9240
A30: NGA | C30: Nigeria Demographic and Health Survey 1990, 1992 | D30: 1990-04 | E30: 1990-10 | F30: 1987 | G30: BCG | H30: Record or Recall<12m | J30: CRUDE | K30: 0-12 m | L30: 36-47 m | M30: 34.9 | N30: 1415
A31: NGA | C31: Nigeria Demographic and Health Survey 1990, 1992 | D31: 1990-04 | E31: 1990-10 | F31: 1987 | G31: DTP1 | H31: Record or Recall<12m | J31: CRUDE | K31: 0-12 m | L31: 36-47 m | M31: 33.8 | N31: 1415
A32: NGA | C32: EPI, Immunization Coverage Survey, 1988 | D32: 1988-98 | E32: 1988-98 | F32: 1987 | G32: DTP3 | H32: Record | J32: CRUDE | K32: 0-23 m | L32: 12-23 m | M32: 41.9 | N32: 9240
A33: NGA | C33: EPI, Immunization Coverage Survey, 1988 | D33: 1988-98 | E33: 1988-98 | F33: 1987 | G33: DTP3 | H33: Record or Recall | J33: CRUDE | K33: 0-23 m | L33: 12-23 m | M33: 57.8 | N33: 9240
A34: NGA | C34: EPI, Immunization Coverage Survey, 1988 | D34: 1988-98 | E34: 1988-98 | F34: 1987 | G34: DTP3 | H34: Recall | J34: CRUDE | K34: 0-23 m | L34: 12-23 m | M34: 15.9 | N34: 9240
A35: NGA | C35: Nigeria Demographic and Health Survey 1990, 1992 | D35: 1990-04 | E35: 1990-10 | F35: 1987 | G35: DTP3 | H35: Record or Recall<12m | J35: CRUDE | K35: 0-12 m | L35: 36-47 m | M35: 22.7 | N35: 1415
A36: NGA | C36: EPI, Immunization Coverage Survey, 1988 | D36: 1988-98 | E36: 1988-98 | F36: 1987 | G36: FULL | H36: Record | J36: CRUDE | K36: 0-23 m | L36: 12-23 m | M36: 25.6 | N36: 9240
A37: NGA | C37: EPI, Immunization Coverage Survey, 1988 | D37: 1988-98 | E37: 1988-98 | F37: 1987 | G37: FULL | H37: Record or Recall | J37: CRUDE | K37: 0-23 m | L37: 12-23 m | M37: 37.5 | N37: 9240
A38: NGA | C38: EPI, Immunization Coverage Survey, 1988 | D38: 1988-98 | E38: 1988-98 | F38: 1987 | G38: FULL | H38: Recall | J38: CRUDE | K38: 0-23 m | L38: 12-23 m | M38: 11.9 | N38: 9240
... A48: NGA | C48: Nigeria Demographic and Health Survey 1990, 1992 | D48: 1990-04 | E48: 1990-10 | F48: 1987 | G48: POL3 | H48: Record or Recall<12m | J48: CRUDE | K48: 0-12 m | L48: 36-47 m | M48: 22.6 | N48: 1415
A49: NGA | C49: WHO/EPI/CEIS/90.1 | D49: 1988-98 | E49: 1988-98 | F49: 1987 | G49: TT2+ | H49: NOT USED | J49: CRUDE | L49: CBAW | M49: 16
A50: NGA | C50: Nigeria Demographic and Health Survey 1990, 1992 | D50: 1990-04 | E50: 1990-10 | F50: 1988 | G50: BCG | H50: Record or Recall<12m | J50: CRUDE | K50: 0-12 m | L50: 24-35 m | M50: 36 | N50: 1320
A51: NGA | C51: Nigeria Demographic and Health Survey 1990, 1992 | D51: 1990-04 | E51: 1990-10 | F51: 1988 | G51: DTP1 | H51: Record or Recall<12m | J51: CRUDE | K51: 0-12 m | L51: 24-35 m | M51: 34.2 | N51: 1320
A52: NGA | C52: Nigeria Demographic and Health Survey 1990, 1992 | D52: 1990-04 | E52: 1990-10 | F52: 1988 | G52: DTP3 | H52: Record or Recall<12m | J52: CRUDE | K52: 0-12 m | L52: 24-35 m | M52: 18.2 | N52: 1320
A53: NGA | C53: Nigeria Demographic and Health Survey 1990, 1992 | D53: 1990-04 | E53: 1990-10 | F53: 1988 | G53: FULL | H53: Record or Recall<12m | J53: CRUDE | K53: 0-12 m | L53: 24-35 m | M53: 11.7 | N53: 1320
A54: NGA | C54: Nigeria Demographic and Health Survey 1990, 1992 | D54: 1990-04 | E54: 1990-10 | F54: 1988 | G54: MCV1 | H54: Record or Recall<12m | J54: CRUDE | K54: 0-12 m | L54: 24-35 m | M54: 18.8 | N54: 1320
A55: NGA | C55: Nigeria Demographic and Health Survey 1990, 1992 | D55: 1990-04 | E55: 1990-10 | F55: 1988 | G55: POL1 | H55: Record or Recall<12m | J55: CRUDE | K55: 0-12 m | L55: 24-35 m | M55: 34.1 | N55: 1320
A56: NGA | C56: Nigeria Demographic and Health Survey 1990, 1992 | D56: 1990-04 | E56: 1990-10 | F56: 1988 | G56: POL3 | H56: Record or Recall<12m | J56: CRUDE | K56: 0-12 m | L56: 24-35 m | M56: 18.2 | N56: 1320
A57: NGA | C57: Nigeria Demographic and Health Survey 1990, 1992 | D57: 1990-04 | E57: 1990-10 | F57: 1989 | G57: BCG | H57: Record or Recall<12m | I57: 34.7 | J57: CRUDE | K57: 0-12 m | L57: 12-23 m | M57: 48.3 | N57: 1380
A58: NGA | C58: Nigeria Demographic and Health Survey 1990, 1992 | D58: 1990-04 | E58: 1990-10 | F58: 1989 | G58: BCG | H58: Record | I58: 34.7 | J58: CRUDE | K58: 0-23 m | L58: 12-23 m | M58: 34.2 | N58: 1380
A59: NGA | C59: Nigeria Demographic and Health Survey 1990, 1992 | D59: 1990-04 | E59: 1990-10 | F59: 1989 | G59: BCG | H59: Record<12m | I59: 34.7 | J59: CRUDE | K59: 0-12 m | L59: 12-23 m | M59: 27.2 | N59: 1380
A60: NGA | C60: Nigeria Demographic and Health Survey 1990, 1992 | D60: 1990-04 | E60: 1990-10 | F60: 1989 | G60: BCG | H60: Record or Recall | I60: 34.7 | J60: CRUDE | K60: 0-23 m | L60: 12-23 m | M60: 60.7 | N60: 1380
A61: NGA | C61: Nigeria Demographic and Health Survey 1990, 1992 | D61: 1990-04 | E61: 1990-10 | F61: 1989 | G61: BCG | H61: Recall | I61: 34.7 | J61: CRUDE | K61: 0-23 m | L61: 12-23 m | M61: 26.5 | N61: 1380
A62: NGA | C62: Nigeria Demographic and Health Survey 1990, 1992 | D62: 1990-04 | E62: 1990-10 | F62: 1989 | G62: DTP1 | H62: Record or Recall<12m | I62: 34.7 | J62: CRUDE | K62: 0-12 m | L62: 12-23 m | M62: 47.5 | N62: 1380
A63: NGA | C63: Nigeria Demographic and Health Survey 1990, 1992 | D63: 1990-04 | E63: 1990-10 | F63: 1989 | G63: DTP1 | H63: Record | I63: 34.7 | J63: CRUDE | K63: 0-23 m | L63: 12-23 m | M63: 33.2 | N63: 1380
A64: NGA | C64: Nigeria Demographic and Health Survey 1990, 1992 | D64: 1990-04 | E64: 1990-10 | F64: 1989 | G64: DTP1 | H64: Record<12m | I64: 34.7 | J64: CRUDE | K64: 0-12 m | L64: 12-23 m | M64: 26.6 | N64: 1380
A65: NGA | C65: Nigeria Demographic and Health Survey 1990, 1992 | D65: 1990-04 | E65: 1990-10 | F65: 1989 | G65: DTP1 | H65: Record or Recall | I65: 34.7 | J65: CRUDE | K65: 0-23 m | L65: 12-23 m | M65: 59.2 | N65: 1380
A66: NGA | C66: Nigeria Demographic and Health Survey 1990, 1992 | D66: 1990-04 | E66: 1990-10 | F66: 1989 | G66: DTP1 | H66: Recall | I66: 34.7 | J66: CRUDE | K66: 0-23 m | L66: 12-23 m | M66: 26 | N66: 1380
A67: NGA | C67: Nigeria Demographic and Health Survey 1990, 1992 | D67: 1990-04 | E67: 1990-10 | F67: 1989 | G67: DTP3 | H67: Record or Recall<12m | I67: 34.7 | J67: CRUDE | K67: 0-12 m | L67: 12-23 m | M67: 25.4 | N67: 1380
A68: NGA | C68: Nigeria Demographic and Health Survey 1990, 1992 | D68: 1990-04 | E68: 1990-10 | F68: 1989 | G68: DTP3 | H68: Record | I68: 34.7 | J68: CRUDE | K68: 0-23 m | L68: 12-23 m | M68: 20 | N68: 1380
... A91: NGA | C91: Nigeria Demographic and Health Survey 1990, 1992 | D91: 1990-04 | E91: 1990-10 | F91: 1989 | G91: POL3 | H91: Recall | I91: 34.7 | J91: CRUDE | K91: 0-23 m | L91: 12-23 m | M91: 13.3 | N91: 1380
A92: NGA | C92: Nigeria Demographic and Health Survey 1990, 1992 | D92: 1990-04 | E92: 1990-10 | F92: 1989 | G92: TT2+ | H92: Record or Recall | J92: CRUDE | L92: CBAW | M92: 40.9
A93: NGA | C93: FR of Nigeria Multiple Indicator Cluster Survey 1995 | D93: 1995-03 | E93: 1995-04 | F93: 1993 | G93: TT2+ | H93: Record or Recall | J93: CRUDE | L93: CBAW | M93: 20.8
A94: NGA | C94: FR of Nigeria Multiple Indicator Cluster Survey 1995 | D94: 1995-03 | E94: 1995-04 | F94: 1994 | G94: BCG | H94: Record | I94: 18.7 | J94: CRUDE | K94: 0-23 m | L94: 12-23 m | M94: 18.5 | N94: 1743
A95: NGA | C95: FR of Nigeria Multiple Indicator Cluster Survey 1995 | D95: 1995-03 | E95: 1995-04 | F95: 1994 | G95: BCG | H95: Record or Recall | I95: 18.7 | J95: CRUDE | K95: 0-23 m | L95: 12-23 m | M95: 52 | N95: 1743
A96: NGA | C96: FR of Nigeria Multiple Indicator Cluster Survey 1995 | D96: 1995-03 | E96: 1995-04 | F96: 1994 | G96: BCG | H96: Recall | I96: 18.7 | J96: CRUDE | K96: 0-23 m | L96: 12-23 m | M96: 33.5 | N96: 1743
A97: NGA | C97: FR of Nigeria Multiple Indicator Cluster Survey 1995 | D97: 1995-03 | E97: 1995-04 | F97: 1994 | G97: DTP3 | H97: Record | I97: 18.7 | J97: CRUDE | K97: 0-23 m | L97: 12-23 m | M97: 12.1 | N97: 1743
A98: NGA | C98: FR of Nigeria Multiple Indicator Cluster Survey 1995 | D98: 1995-03 | E98: 1995-04 | F98: 1994 | G98: DTP3 | H98: Record or Recall | I98: 18.7 | J98: CRUDE | K98: 0-23 m | L98: 12-23 m | M98: 27.5 | N98: 1743
A99: NGA | C99: FR of Nigeria Multiple Indicator Cluster Survey 1995 | D99: 1995-03 | E99: 1995-04 | F99: 1994 | G99: DTP3 | H99: Recall | I99: 18.7 | J99: CRUDE | K99: 0-23 m | L99: 12-23 m | M99: 15.4 | N99: 1743
A100: NGA | C100: FR of Nigeria Multiple Indicator Cluster Survey 1995 | D100: 1995-03 | E100: 1995-04 | F100: 1994 | G100: FULL | H100: Record | I100: 18.7 | J100: CRUDE | K100: 0-23 m | L100: 12-23 m | M100: 8 | N100: 1743
A101: NGA | C101: FR of Nigeria Multiple Indicator Cluster Survey 1995 | D101: 1995-03 | E101: 1995-04 | F101: 1994 | G101: FULL | H101: Record or Recall | I101: 18.7 | J101: CRUDE | K101: 0-23 m | L101: 12-23 m | M101: 22 | N101: 1743
A102: NGA | C102: FR of Nigeria Multiple Indicator Cluster Survey 1995 | D102: 1995-03 | E102: 1995-04 | F102: 1994 | G102: MCV1 | H102: Record | I102: 18.7 | J102: CRUDE | K102: 0-23 m | L102: 12-23 m | M102: 11 | N102: 1743
A103: NGA | C103: FR of Nigeria Multiple Indicator Cluster Survey 1995 | D103: 1995-03 | E103: 1995-04 | F103: 1994 | G103: MCV1 | H103: Record or Recall | I103: 18.7 | J103: CRUDE | K103: 0-23 m | L103: 12-23 m | M103: 39.9 | N103: 1743
A104: NGA | C104: FR of Nigeria Multiple Indicator Cluster Survey 1995 | D104: 1995-03 | E104: 1995-04 | F104: 1994 | G104: MCV1 | H104: Recall | I104: 18.7 | J104: CRUDE | K104: 0-23 m | L104: 12-23 m | M104: 28.9 | N104: 1743
A105: NGA | C105: FR of Nigeria Multiple Indicator Cluster Survey 1995 | D105: 1995-03 | E105: 1995-04 | F105: 1994 | G105: POL3 | H105: Record | I105: 18.7 | J105: CRUDE | K105: 0-23 m | L105: 12-23 m | M105: 10.6 | N105: 1743
... A107: NGA | C107: FR of Nigeria Multiple Indicator Cluster Survey 1995 | D107: 1995-03 | E107: 1995-04 | F107: 1994 | G107: POL3 | H107: Recall | I107: 18.7 | J107: CRUDE | K107: 0-23 m | L107: 12-23 m | M107: 16.9 | N107: 1743
A108: NGA | B108: Nigeria Demographic and Health Survey 1999, 2000 | C108: Nigeria Demographic and Health Survey 1999, 2000 | D108: 1999-03 | E108: 1999-05 | F108: 1998 | G108: BCG | H108: Record or Recall<12m | J108: CRUDE | K108: 0-12 m | L108: 12-23 m | M108: 52 | N108: 1161
A109: NGA | B109: Nigeria Demographic and Health Survey 1999, 2000 | C109: Nigeria Demographic and Health Survey 1999, 2000 | D109: 1999-03 | E109: 1999-05 | F109: 1998 | G109: BCG | H109: Record | J109: CRUDE | K109: 0-23 m | L109: 12-23 m | M109: 18.7 | N109: 1161
A110: NGA | B110: Nigeria Demographic and Health Survey 1999, 2000 | C110: Nigeria Demographic and Health Survey 1999, 2000 | D110: 1999-03 | E110: 1999-05 | F110: 1998 | G110: BCG | H110: Record or Recall | J110: CRUDE | K110: 0-23 m | L110: 12-23 m | M110: 53.8 | N110: 1161
A111: NGA | B111: Nigeria Demographic and Health Survey 1999, 2000 | C111: Nigeria Demographic and Health Survey 1999, 2000 | D111: 1999-03 | E111: 1999-05 | F111: 1998 | G111: BCG | H111: Recall | J111: CRUDE | K111: 0-23 m | L111: 12-23 m | M111: 35.1 | N111: 1161
A112: NGA | B112: Nigeria Demographic and Health Survey 1999, 2000 | C112: Nigeria Demographic and Health Survey 1999, 2000 | D112: 1999-03 | E112: 1999-05 | F112: 1998 | G112: DTP1 | H112: Record or Recall<12m | J112: CRUDE | K112: 0-12 m | L112: 12-23 m | M112: 45.7 | N112: 1161
A113: NGA | B113: Nigeria Demographic and Health Survey 1999, 2000 | C113: Nigeria Demographic and Health Survey 1999, 2000 | D113: 1999-03 | E113: 1999-05 | F113: 1998 | G113: DTP1 | H113: Record | J113: CRUDE | K113: 0-23 m | L113: 12-23 m | M113: 16.4 | N113: 1161
A114: NGA | B114: Nigeria Demographic and Health Survey 1999, 2000 | C114: Nigeria Demographic and Health Survey 1999, 2000 | D114: 1999-03 | E114: 1999-05 | F114: 1998 | G114: DTP1 | H114: Record or Recall | J114: CRUDE | K114: 0-23 m | L114: 12-23 m | M114: 47.4 | N114: 1161
A115: NGA | B115: Nigeria Demographic and Health Survey 1999, 2000 | C115: Nigeria Demographic and Health Survey 1999, 2000 | D115: 1999-03 | E115: 1999-05 | F115: 1998 | G115: DTP1 | H115: Recall | J115: CRUDE | K115: 0-23 m | L115: 12-23 m | M115: 31 | N115: 1161
A116: NGA | B116: Nigeria Demographic and Health Survey 1999, 2000 | C116: Nigeria Demographic and Health Survey 1999, 2000 | D116: 1999-03 | E116: 1999-05 | F116: 1998 | G116: DTP3 | H116: Record or Recall<12m | J116: CRUDE | K116: 0-12 m | L116: 12-23 m | M116: 24.8 | N116: 1161
A117: NGA | B117: Nigeria Demographic and Health Survey 1999, 2000 | C117: Nigeria Demographic and Health Survey 1999, 2000 | D117: 1999-03 | E117: 1999-05 | F117: 1998 | G117: DTP3 | H117: Record | J117: CRUDE | K117: 0-23 m | L117: 12-23 m | M117: 10.6 | N117: 1161
A118: NGA | B118: Nigeria Demographic and Health Survey 1999, 2000 | C118: Nigeria Demographic and Health Survey 1999, 2000 | D118: 1999-03 | E118: 1999-05 | F118: 1998 | G118: DTP3 | H118: Record or Recall | J118: CRUDE | K118: 0-23 m | L118: 12-23 m | M118: 26.3 | N118: 1161
A119: NGA | B119: Nigeria Demographic and Health Survey 1999, 2000 | C119: Nigeria Demographic and Health Survey 1999, 2000 | D119: 1999-03 | E119: 1999-05 | F119: 1998 | G119: DTP3 | H119: Recall | J119: CRUDE | K119: 0-23 m | L119: 12-23 m | M119: 15.7 | N119: 1161
... A135: NGA | B135: Nigeria Demographic and Health Survey 1999, 2000 | C135: Nigeria Demographic and Health Survey 1999, 2000 | D135: 1999-03 | E135: 1999-05 | F135: 1998 | G135: POL3 | H135: Recall | J135: CRUDE | K135: 0-23 m | L135: 12-23 m | M135: 14.8 | N135: 1161
A136: NGA | B136: Nigeria Demographic and Health Survey 1999, 2000 | C136: Nigeria Demographic and Health Survey 1999, 2000 | D136: 1999-03 | E136: 1999-05 | F136: 1998 | G136: TT2+ | H136: Record or Recall | J136: CRUDE | L136: CBAW | M136: 44.3 | N136: 3547
A137: NGA | C137: MICS Nigeria, 1999 | D137: 1999-98 | E137: 1999-98 | F137: 1998 | G137: BCG | H137: Record | I137: 25.2 | J137: CRUDE | K137: 0-23 m | L137: 12-23 m | M137: 17.2 | N137: 2841
A138: NGA | C138: MICS Nigeria, 1999 | D138: 1999-98 | E138: 1999-98 | F138: 1998 | G138: BCG | H138: Record or Recall | I138: 25.2 | J138: CRUDE | K138: 0-23 m | L138: 12-23 m | M138: 43 | N138: 2841
A139: NGA | C139: MICS Nigeria, 1999 | D139: 1999-98 | E139: 1999-98 | F139: 1998 | G139: BCG | H139: Recall | I139: 25.2 | J139: CRUDE | K139: 0-23 m | L139: 12-23 m | M139: 25.8 | N139: 2841
A140: NGA | C140: MICS Nigeria, 1999 | D140: 1999-98 | E140: 1999-98 | F140: 1998 | G140: DTP1 | H140: Record | I140: 25.2 | J140: CRUDE | K140: 0-23 m | L140: 12-23 m | M140: 16.5 | N140: 2841
A141: NGA | C141: MICS Nigeria, 1999 | D141: 1999-98 | E141: 1999-98 | F141: 1998 | G141: DTP1 | H141: Record or Recall | I141: 25.2 | J141: CRUDE | K141: 0-23 m | L141: 12-23 m | M141: 41.1 | N141: 2841
A142: NGA | C142: MICS Nigeria, 1999 | D142: 1999-98 | E142: 1999-98 | F142: 1998 | G142: DTP1 | H142: Recall | I142: 25.2 | J142: CRUDE | K142: 0-23 m | L142: 12-23 m | M142: 25.1 | N142: 2841
A143: NGA | C143: MICS Nigeria, 1999 | D143: 1999-98 | E143: 1999-98 | F143: 1998 | G143: DTP3 | H143: Record | I143: 25.2 | J143: CRUDE | K143: 0-23 m | L143: 12-23 m | M143: 12.4 | N143: 2841
A144: NGA | C144: MICS Nigeria, 1999 | D144: 1999-98 | E144: 1999-98 | F144: 1998 | G144: DTP3 | H144: Record or Recall | I144: 25.2 | J144: CRUDE | K144: 0-23 m | L144: 12-23 m | M144: 23.4 | N144: 2841
A145: NGA | C145: MICS Nigeria, 1999 | D145: 1999-98 | E145: 1999-98 | F145: 1998 | G145: DTP3 | H145: Recall | I145: 25.2 | J145: CRUDE | K145: 0-23 m | L145: 12-23 m | M145: 11.1 | N145: 2841
A146: NGA | C146: MICS Nigeria, 1999 | D146: 1999-98 | E146: 1999-98 | F146: 1998 | G146: FULL | H146: Record | I146: 25.2 | J146: CRUDE | K146: 0-23 m | L146: 12-23 m | M146: 5.5 | N146: 2841
A147: NGA | C147: MICS Nigeria, 1999 | D147: 1999-98 | E147: 1999-98 | F147: 1998 | G147: FULL | H147: Record or Recall | I147: 25.2 | J147: CRUDE | K147: 0-23 m | L147: 12-23 m | M147: 13.3 | N147: 2841
...

Sheet Clean_Data
A1: Row_ID | B1: Survey | C1: Survey_Family | D1: Collect_Begin_Year | E1: Collect_Begin_Month | F1: Collect_End_Year | G1: Collect_End_Month | H1: Cohort_Year | I1: Vaccine | J1: Evidence | K1: Age_Interview | L1: Age_Vaccination | M1: Cards_Seen_Pct | N1: Coverage_Pct | O1: Denominator_n | P1: Population_Group | Q1: Evidence_Not_Used | R1: In_Scope_Child | S1: Standard_Comparable | T1: Core_Vaccine | U1: DHS_or_MICS | V1: Missing_Denominator | W1: Missing_CardsSeen | X1: Key_Count
A2: =ROW()-1 -> 1 | B2: =IF(Raw_Nigeria!B2="",TRIM(Raw_Nigeria!C2),TRIM(Raw_Nigeria!B2)) -> Status report on revised EPI programme from 1985 to 1989 | C2: =IF(ISNUMBER(SEARCH("Demographic and Health",B2)),"DHS",IF(OR(ISNUMBER(SEARCH("Multiple Indicator Cluster",B2)),ISNUMBER(SEARCH("MICS",B2))),"MICS",IF(ISNUMBER(SEARCH("Immunization Coverage Survey",B2)),"Coverage survey",IF(ISNUMBER(SEARCH("Nutrition",B2)),"Nutrition survey","Other")))) -> Other | D2: =VALUE(LEFT(Raw_Nigeria!D2,4)) -> 1985 | E2: =IF(VALUE(RIGHT(Raw_Nigeria!D2,2))>12,"",VALUE(RIGHT(Raw_Nigeria!D2,2))) | F2: =VALUE(LEFT(Raw_Nigeria!E2,4)) -> 1985 | G2: =IF(VALUE(RIGHT(Raw_Nigeria!E2,2))>12,"",VALUE(RIGHT(Raw_Nigeria!E2,2))) | H2: =Raw_Nigeria!F2 -> 1984 | I2: =UPPER(TRIM(Raw_Nigeria!G2)) -> BCG | J2: =Raw_Nigeria!H2 -> Record or Recall | K2: =Raw_Nigeria!L2 -> 12-23 m | L2: =IF(Raw_Nigeria!K2="","n/a",Raw_Nigeria!K2) -> 0-23 m | M2: =IF(Raw_Nigeria!I2="","",Raw_Nigeria!I2) | N2: =Raw_Nigeria!M2 -> 16.5 | O2: =IF(Raw_Nigeria!N2="","",Raw_Nigeria!N2) | P2: =IF(K2="CBAW","Women of child-bearing age","Children") -> Children | Q2: =IF(J2="NOT USED",1,0) -> 0 | R2: =IF(AND(P2="Children",Q2=0),1,0) -> 1 | S2: =IF(AND(R2=1,J2="Record or Recall",K2="12-23 m"),1,0) -> 1 | T2: =IF(OR(I2="BCG",I2="DTP1",I2="DTP3",I2="POL3",I2="MCV1",I2="FULL"),1,0) -> 1 | U2: =IF(OR(C2="DHS",C2="MICS"),1,0) -> 0 | V2: =IF(O2="",1,0) -> 1 | W2: =IF(M2="",1,0) -> 1 | X2: =COUNTIFS($B$2:$B$1141,B2,$H$2:$H$1141,H2,$I$2:$I$1141,I2,$J$2:$J$1141,J2,$K$2:$K$1141,K2,$L$2:$L$1141,L2) -> 1
A3: =ROW()-1 -> 2 | B3: =IF(Raw_Nigeria!B3="",TRIM(Raw_Nigeria!C3),TRIM(Raw_Nigeria!B3)) -> Status report on revised EPI programme from 1985 to 1989 | C3: =IF(ISNUMBER(SEARCH("Demographic and Health",B3)),"DHS",IF(OR(ISNUMBER(SEARCH("Multiple Indicator Cluster",B3)),ISNUMBER(SEARCH("MICS",B3))),"MICS",IF(ISNUMBER(SEARCH("Immunization Coverage Survey",B3)),"Coverage survey",IF(ISNUMBER(SEARCH("Nutrition",B3)),"Nutrition survey","Other")))) -> Other | D3: =VALUE(LEFT(Raw_Nigeria!D3,4)) -> 1985 | E3: =IF(VALUE(RIGHT(Raw_Nigeria!D3,2))>12,"",VALUE(RIGHT(Raw_Nigeria!D3,2))) | F3: =VALUE(LEFT(Raw_Nigeria!E3,4)) -> 1985 | G3: =IF(VALUE(RIGHT(Raw_Nigeria!E3,2))>12,"",VALUE(RIGHT(Raw_Nigeria!E3,2))) | H3: =Raw_Nigeria!F3 -> 1984 | I3: =UPPER(TRIM(Raw_Nigeria!G3)) -> DTP3 | J3: =Raw_Nigeria!H3 -> Record or Recall | K3: =Raw_Nigeria!L3 -> 12-23 m | L3: =IF(Raw_Nigeria!K3="","n/a",Raw_Nigeria!K3) -> 0-23 m | M3: =IF(Raw_Nigeria!I3="","",Raw_Nigeria!I3) | N3: =Raw_Nigeria!M3 -> 8.9 | O3: =IF(Raw_Nigeria!N3="","",Raw_Nigeria!N3) | P3: =IF(K3="CBAW","Women of child-bearing age","Children") -> Children | Q3: =IF(J3="NOT USED",1,0) -> 0 | R3: =IF(AND(P3="Children",Q3=0),1,0) -> 1 | S3: =IF(AND(R3=1,J3="Record or Recall",K3="12-23 m"),1,0) -> 1 | T3: =IF(OR(I3="BCG",I3="DTP1",I3="DTP3",I3="POL3",I3="MCV1",I3="FULL"),1,0) -> 1 | U3: =IF(OR(C3="DHS",C3="MICS"),1,0) -> 0 | V3: =IF(O3="",1,0) -> 1 | W3: =IF(M3="",1,0) -> 1 | X3: =COUNTIFS($B$2:$B$1141,B3,$H$2:$H$1141,H3,$I$2:$I$1141,I3,$J$2:$J$1141,J3,$K$2:$K$1141,K3,$L$2:$L$1141,L3) -> 1
A4: =ROW()-1 -> 3 | B4: =IF(Raw_Nigeria!B4="",TRIM(Raw_Nigeria!C4),TRIM(Raw_Nigeria!B4)) -> Status report on revised EPI programme from 1985 to 1989 | C4: =IF(ISNUMBER(SEARCH("Demographic and Health",B4)),"DHS",IF(OR(ISNUMBER(SEARCH("Multiple Indicator Cluster",B4)),ISNUMBER(SEARCH("MICS",B4))),"MICS",IF(ISNUMBER(SEARCH("Immunization Coverage Survey",B4)),"Coverage survey",IF(ISNUMBER(SEARCH("Nutrition",B4)),"Nutrition survey","Other")))) -> Other | D4: =VALUE(LEFT(Raw_Nigeria!D4,4)) -> 1985 | E4: =IF(VALUE(RIGHT(Raw_Nigeria!D4,2))>12,"",VALUE(RIGHT(Raw_Nigeria!D4,2))) | F4: =VALUE(LEFT(Raw_Nigeria!E4,4)) -> 1985 | G4: =IF(VALUE(RIGHT(Raw_Nigeria!E4,2))>12,"",VALUE(RIGHT(Raw_Nigeria!E4,2))) | H4: =Raw_Nigeria!F4 -> 1984 | I4: =UPPER(TRIM(Raw_Nigeria!G4)) -> MCV1 | J4: =Raw_Nigeria!H4 -> Record or Recall | K4: =Raw_Nigeria!L4 -> 12-23 m | L4: =IF(Raw_Nigeria!K4="","n/a",Raw_Nigeria!K4) -> 0-23 m | M4: =IF(Raw_Nigeria!I4="","",Raw_Nigeria!I4) | N4: =Raw_Nigeria!M4 -> 9.1 | O4: =IF(Raw_Nigeria!N4="","",Raw_Nigeria!N4) | P4: =IF(K4="CBAW","Women of child-bearing age","Children") -> Children | Q4: =IF(J4="NOT USED",1,0) -> 0 | R4: =IF(AND(P4="Children",Q4=0),1,0) -> 1 | S4: =IF(AND(R4=1,J4="Record or Recall",K4="12-23 m"),1,0) -> 1 | T4: =IF(OR(I4="BCG",I4="DTP1",I4="DTP3",I4="POL3",I4="MCV1",I4="FULL"),1,0) -> 1 | U4: =IF(OR(C4="DHS",C4="MICS"),1,0) -> 0 | V4: =IF(O4="",1,0) -> 1 | W4: =IF(M4="",1,0) -> 1 | X4: =COUNTIFS($B$2:$B$1141,B4,$H$2:$H$1141,H4,$I$2:$I$1141,I4,$J$2:$J$1141,J4,$K$2:$K$1141,K4,$L$2:$L$1141,L4) -> 1
A5: =ROW()-1 -> 4 | B5: =IF(Raw_Nigeria!B5="",TRIM(Raw_Nigeria!C5),TRIM(Raw_Nigeria!B5)) -> Status report on revised EPI programme from 1985 to 1989 | C5: =IF(ISNUMBER(SEARCH("Demographic and Health",B5)),"DHS",IF(OR(ISNUMBER(SEARCH("Multiple Indicator Cluster",B5)),ISNUMBER(SEARCH("MICS",B5))),"MICS",IF(ISNUMBER(SEARCH("Immunization Coverage Survey",B5)),"Coverage survey",IF(ISNUMBER(SEARCH("Nutrition",B5)),"Nutrition survey","Other")))) -> Other | D5: =VALUE(LEFT(Raw_Nigeria!D5,4)) -> 1985 | E5: =IF(VALUE(RIGHT(Raw_Nigeria!D5,2))>12,"",VALUE(RIGHT(Raw_Nigeria!D5,2))) | F5: =VALUE(LEFT(Raw_Nigeria!E5,4)) -> 1985 | G5: =IF(VALUE(RIGHT(Raw_Nigeria!E5,2))>12,"",VALUE(RIGHT(Raw_Nigeria!E5,2))) | H5: =Raw_Nigeria!F5 -> 1984 | I5: =UPPER(TRIM(Raw_Nigeria!G5)) -> POL3 | J5: =Raw_Nigeria!H5 -> Record or Recall | K5: =Raw_Nigeria!L5 -> 12-23 m | L5: =IF(Raw_Nigeria!K5="","n/a",Raw_Nigeria!K5) -> 0-23 m | M5: =IF(Raw_Nigeria!I5="","",Raw_Nigeria!I5) | N5: =Raw_Nigeria!M5 -> 8.1 | O5: =IF(Raw_Nigeria!N5="","",Raw_Nigeria!N5) | P5: =IF(K5="CBAW","Women of child-bearing age","Children") -> Children | Q5: =IF(J5="NOT USED",1,0) -> 0 | R5: =IF(AND(P5="Children",Q5=0),1,0) -> 1 | S5: =IF(AND(R5=1,J5="Record or Recall",K5="12-23 m"),1,0) -> 1 | T5: =IF(OR(I5="BCG",I5="DTP1",I5="DTP3",I5="POL3",I5="MCV1",I5="FULL"),1,0) -> 1 | U5: =IF(OR(C5="DHS",C5="MICS"),1,0) -> 0 | V5: =IF(O5="",1,0) -> 1 | W5: =IF(M5="",1,0) -> 1 | X5: =COUNTIFS($B$2:$B$1141,B5,$H$2:$H$1141,H5,$I$2:$I$1141,I5,$J$2:$J$1141,J5,$K$2:$K$1141,K5,$L$2:$L$1141,L5) -> 1
A6: =ROW()-1 -> 5 | B6: =IF(Raw_Nigeria!B6="",TRIM(Raw_Nigeria!C6),TRIM(Raw_Nigeria!B6)) -> Status report on revised EPI programme from 1985 to 1989 | C6: =IF(ISNUMBER(SEARCH("Demographic and Health",B6)),"DHS",IF(OR(ISNUMBER(SEARCH("Multiple Indicator Cluster",B6)),ISNUMBER(SEARCH("MICS",B6))),"MICS",IF(ISNUMBER(SEARCH("Immunization Coverage Survey",B6)),"Coverage survey",IF(ISNUMBER(SEARCH("Nutrition",B6)),"Nutrition survey","Other")))) -> Other | D6: =VALUE(LEFT(Raw_Nigeria!D6,4)) -> 1985 | E6: =IF(VALUE(RIGHT(Raw_Nigeria!D6,2))>12,"",VALUE(RIGHT(Raw_Nigeria!D6,2))) | F6: =VALUE(LEFT(Raw_Nigeria!E6,4)) -> 1985 | G6: =IF(VALUE(RIGHT(Raw_Nigeria!E6,2))>12,"",VALUE(RIGHT(Raw_Nigeria!E6,2))) | H6: =Raw_Nigeria!F6 -> 1984 | I6: =UPPER(TRIM(Raw_Nigeria!G6)) -> TT1 | J6: =Raw_Nigeria!H6 -> Record or Recall | K6: =Raw_Nigeria!L6 -> CBAW | L6: =IF(Raw_Nigeria!K6="","n/a",Raw_Nigeria!K6) -> n/a | M6: =IF(Raw_Nigeria!I6="","",Raw_Nigeria!I6) | N6: =Raw_Nigeria!M6 -> 11.1 | O6: =IF(Raw_Nigeria!N6="","",Raw_Nigeria!N6) | P6: =IF(K6="CBAW","Women of child-bearing age","Children") -> Women of child-bearing age | Q6: =IF(J6="NOT USED",1,0) -> 0 | R6: =IF(AND(P6="Children",Q6=0),1,0) -> 0 | S6: =IF(AND(R6=1,J6="Record or Recall",K6="12-23 m"),1,0) -> 0 | T6: =IF(OR(I6="BCG",I6="DTP1",I6="DTP3",I6="POL3",I6="MCV1",I6="FULL"),1,0) -> 0 | U6: =IF(OR(C6="DHS",C6="MICS"),1,0) -> 0 | V6: =IF(O6="",1,0) -> 1 | W6: =IF(M6="",1,0) -> 1 | X6: =COUNTIFS($B$2:$B$1141,B6,$H$2:$H$1141,H6,$I$2:$I$1141,I6,$J$2:$J$1141,J6,$K$2:$K$1141,K6,$L$2:$L$1141,L6) -> 1
A7: =ROW()-1 -> 6 | B7: =IF(Raw_Nigeria!B7="",TRIM(Raw_Nigeria!C7),TRIM(Raw_Nigeria!B7)) -> Status report on revised EPI programme from 1985 to 1989 | C7: =IF(ISNUMBER(SEARCH("Demographic and Health",B7)),"DHS",IF(OR(ISNUMBER(SEARCH("Multiple Indicator Cluster",B7)),ISNUMBER(SEARCH("MICS",B7))),"MICS",IF(ISNUMBER(SEARCH("Immunization Coverage Survey",B7)),"Coverage survey",IF(ISNUMBER(SEARCH("Nutrition",B7)),"Nutrition survey","Other")))) -> Other | D7: =VALUE(LEFT(Raw_Nigeria!D7,4)) -> 1985 | E7: =IF(VALUE(RIGHT(Raw_Nigeria!D7,2))>12,"",VALUE(RIGHT(Raw_Nigeria!D7,2))) | F7: =VALUE(LEFT(Raw_Nigeria!E7,4)) -> 1985 | G7: =IF(VALUE(RIGHT(Raw_Nigeria!E7,2))>12,"",VALUE(RIGHT(Raw_Nigeria!E7,2))) | H7: =Raw_Nigeria!F7 -> 1984 | I7: =UPPER(TRIM(Raw_Nigeria!G7)) -> TT2+ | J7: =Raw_Nigeria!H7 -> Record or Recall | K7: =Raw_Nigeria!L7 -> CBAW | L7: =IF(Raw_Nigeria!K7="","n/a",Raw_Nigeria!K7) -> n/a | M7: =IF(Raw_Nigeria!I7="","",Raw_Nigeria!I7) | N7: =Raw_Nigeria!M7 -> 7 | O7: =IF(Raw_Nigeria!N7="","",Raw_Nigeria!N7) | P7: =IF(K7="CBAW","Women of child-bearing age","Children") -> Women of child-bearing age | Q7: =IF(J7="NOT USED",1,0) -> 0 | R7: =IF(AND(P7="Children",Q7=0),1,0) -> 0 | S7: =IF(AND(R7=1,J7="Record or Recall",K7="12-23 m"),1,0) -> 0 | T7: =IF(OR(I7="BCG",I7="DTP1",I7="DTP3",I7="POL3",I7="MCV1",I7="FULL"),1,0) -> 0 | U7: =IF(OR(C7="DHS",C7="MICS"),1,0) -> 0 | V7: =IF(O7="",1,0) -> 1 | W7: =IF(M7="",1,0) -> 1 | X7: =COUNTIFS($B$2:$B$1141,B7,$H$2:$H$1141,H7,$I$2:$I$1141,I7,$J$2:$J$1141,J7,$K$2:$K$1141,K7,$L$2:$L$1141,L7) -> 1
A8: =ROW()-1 -> 7 | B8: =IF(Raw_Nigeria!B8="",TRIM(Raw_Nigeria!C8),TRIM(Raw_Nigeria!B8)) -> Status report on revised EPI programme from 1985 to 1989 | C8: =IF(ISNUMBER(SEARCH("Demographic and Health",B8)),"DHS",IF(OR(ISNUMBER(SEARCH("Multiple Indicator Cluster",B8)),ISNUMBER(SEARCH("MICS",B8))),"MICS",IF(ISNUMBER(SEARCH("Immunization Coverage Survey",B8)),"Coverage survey",IF(ISNUMBER(SEARCH("Nutrition",B8)),"Nutrition survey","Other")))) -> Other | D8: =VALUE(LEFT(Raw_Nigeria!D8,4)) -> 1986 | E8: =IF(VALUE(RIGHT(Raw_Nigeria!D8,2))>12,"",VALUE(RIGHT(Raw_Nigeria!D8,2))) | F8: =VALUE(LEFT(Raw_Nigeria!E8,4)) -> 1986 | G8: =IF(VALUE(RIGHT(Raw_Nigeria!E8,2))>12,"",VALUE(RIGHT(Raw_Nigeria!E8,2))) | H8: =Raw_Nigeria!F8 -> 1985 | I8: =UPPER(TRIM(Raw_Nigeria!G8)) -> BCG | J8: =Raw_Nigeria!H8 -> Record or Recall | K8: =Raw_Nigeria!L8 -> 12-23 m | L8: =IF(Raw_Nigeria!K8="","n/a",Raw_Nigeria!K8) -> 0-23 m | M8: =IF(Raw_Nigeria!I8="","",Raw_Nigeria!I8) | N8: =Raw_Nigeria!M8 -> 28.3 | O8: =IF(Raw_Nigeria!N8="","",Raw_Nigeria!N8) | P8: =IF(K8="CBAW","Women of child-bearing age","Children") -> Children | Q8: =IF(J8="NOT USED",1,0) -> 0 | R8: =IF(AND(P8="Children",Q8=0),1,0) -> 1 | S8: =IF(AND(R8=1,J8="Record or Recall",K8="12-23 m"),1,0) -> 1 | T8: =IF(OR(I8="BCG",I8="DTP1",I8="DTP3",I8="POL3",I8="MCV1",I8="FULL"),1,0) -> 1 | U8: =IF(OR(C8="DHS",C8="MICS"),1,0) -> 0 | V8: =IF(O8="",1,0) -> 1 | W8: =IF(M8="",1,0) -> 1 | X8: =COUNTIFS($B$2:$B$1141,B8,$H$2:$H$1141,H8,$I$2:$I$1141,I8,$J$2:$J$1141,J8,$K$2:$K$1141,K8,$L$2:$L$1141,L8) -> 1
A9: =ROW()-1 -> 8 | B9: =IF(Raw_Nigeria!B9="",TRIM(Raw_Nigeria!C9),TRIM(Raw_Nigeria!B9)) -> Status report on revised EPI programme from 1985 to 1989 | C9: =IF(ISNUMBER(SEARCH("Demographic and Health",B9)),"DHS",IF(OR(ISNUMBER(SEARCH("Multiple Indicator Cluster",B9)),ISNUMBER(SEARCH("MICS",B9))),"MICS",IF(ISNUMBER(SEARCH("Immunization Coverage Survey",B9)),"Coverage survey",IF(ISNUMBER(SEARCH("Nutrition",B9)),"Nutrition survey","Other")))) -> Other | D9: =VALUE(LEFT(Raw_Nigeria!D9,4)) -> 1986 | E9: =IF(VALUE(RIGHT(Raw_Nigeria!D9,2))>12,"",VALUE(RIGHT(Raw_Nigeria!D9,2))) | F9: =VALUE(LEFT(Raw_Nigeria!E9,4)) -> 1986 | G9: =IF(VALUE(RIGHT(Raw_Nigeria!E9,2))>12,"",VALUE(RIGHT(Raw_Nigeria!E9,2))) | H9: =Raw_Nigeria!F9 -> 1985 | I9: =UPPER(TRIM(Raw_Nigeria!G9)) -> DTP3 | J9: =Raw_Nigeria!H9 -> Record or Recall | K9: =Raw_Nigeria!L9 -> 12-23 m | L9: =IF(Raw_Nigeria!K9="","n/a",Raw_Nigeria!K9) -> 0-23 m | M9: =IF(Raw_Nigeria!I9="","",Raw_Nigeria!I9) | N9: =Raw_Nigeria!M9 -> 15.9 | O9: =IF(Raw_Nigeria!N9="","",Raw_Nigeria!N9) | P9: =IF(K9="CBAW","Women of child-bearing age","Children") -> Children | Q9: =IF(J9="NOT USED",1,0) -> 0 | R9: =IF(AND(P9="Children",Q9=0),1,0) -> 1 | S9: =IF(AND(R9=1,J9="Record or Recall",K9="12-23 m"),1,0) -> 1 | T9: =IF(OR(I9="BCG",I9="DTP1",I9="DTP3",I9="POL3",I9="MCV1",I9="FULL"),1,0) -> 1 | U9: =IF(OR(C9="DHS",C9="MICS"),1,0) -> 0 | V9: =IF(O9="",1,0) -> 1 | W9: =IF(M9="",1,0) -> 1 | X9: =COUNTIFS($B$2:$B$1141,B9,$H$2:$H$1141,H9,$I$2:$I$1141,I9,$J$2:$J$1141,J9,$K$2:$K$1141,K9,$L$2:$L$1141,L9) -> 1
A10: =ROW()-1 -> 9 | B10: =IF(Raw_Nigeria!B10="",TRIM(Raw_Nigeria!C10),TRIM(Raw_Nigeria!B10)) -> Status report on revised EPI programme from 1985 to 1989 | C10: =IF(ISNUMBER(SEARCH("Demographic and Health",B10)),"DHS",IF(OR(ISNUMBER(SEARCH("Multiple Indicator Cluster",B10)),ISNUMBER(SEARCH("MICS",B10))),"MICS",IF(ISNUMBER(SEARCH("Immunization Coverage Survey",B10)),"Coverage survey",IF(ISNUMBER(SEARCH("Nutrition",B10)),"Nutrition survey","Other")))) -> Other | D10: =VALUE(LEFT(Raw_Nigeria!D10,4)) -> 1986 | E10: =IF(VALUE(RIGHT(Raw_Nigeria!D10,2))>12,"",VALUE(RIGHT(Raw_Nigeria!D10,2))) | F10: =VALUE(LEFT(Raw_Nigeria!E10,4)) -> 1986 | G10: =IF(VALUE(RIGHT(Raw_Nigeria!E10,2))>12,"",VALUE(RIGHT(Raw_Nigeria!E10,2))) | H10: =Raw_Nigeria!F10 -> 1985 | I10: =UPPER(TRIM(Raw_Nigeria!G10)) -> MCV1 | J10: =Raw_Nigeria!H10 -> Record or Recall | K10: =Raw_Nigeria!L10 -> 12-23 m | L10: =IF(Raw_Nigeria!K10="","n/a",Raw_Nigeria!K10) -> 0-23 m | M10: =IF(Raw_Nigeria!I10="","",Raw_Nigeria!I10) | N10: =Raw_Nigeria!M10 -> 17.2 | O10: =IF(Raw_Nigeria!N10="","",Raw_Nigeria!N10) | P10: =IF(K10="CBAW","Women of child-bearing age","Children") -> Children | Q10: =IF(J10="NOT USED",1,0) -> 0 | R10: =IF(AND(P10="Children",Q10=0),1,0) -> 1 | S10: =IF(AND(R10=1,J10="Record or Recall",K10="12-23 m"),1,0) -> 1 | T10: =IF(OR(I10="BCG",I10="DTP1",I10="DTP3",I10="POL3",I10="MCV1",I10="FULL"),1,0) -> 1 | U10: =IF(OR(C10="DHS",C10="MICS"),1,0) -> 0 | V10: =IF(O10="",1,0) -> 1 | W10: =IF(M10="",1,0) -> 1 | X10: =COUNTIFS($B$2:$B$1141,B10,$H$2:$H$1141,H10,$I$2:$I$1141,I10,$J$2:$J$1141,J10,$K$2:$K$1141,K10,$L$2:$L$1141,L10) -> 1
A11: =ROW()-1 -> 10 | B11: =IF(Raw_Nigeria!B11="",TRIM(Raw_Nigeria!C11),TRIM(Raw_Nigeria!B11)) -> Status report on revised EPI programme from 1985 to 1989 | C11: =IF(ISNUMBER(SEARCH("Demographic and Health",B11)),"DHS",IF(OR(ISNUMBER(SEARCH("Multiple Indicator Cluster",B11)),ISNUMBER(SEARCH("MICS",B11))),"MICS",IF(ISNUMBER(SEARCH("Immunization Coverage Survey",B11)),"Coverage survey",IF(ISNUMBER(SEARCH("Nutrition",B11)),"Nutrition survey","Other")))) -> Other | D11: =VALUE(LEFT(Raw_Nigeria!D11,4)) -> 1986 | E11: =IF(VALUE(RIGHT(Raw_Nigeria!D11,2))>12,"",VALUE(RIGHT(Raw_Nigeria!D11,2))) | F11: =VALUE(LEFT(Raw_Nigeria!E11,4)) -> 1986 | G11: =IF(VALUE(RIGHT(Raw_Nigeria!E11,2))>12,"",VALUE(RIGHT(Raw_Nigeria!E11,2))) | H11: =Raw_Nigeria!F11 -> 1985 | I11: =UPPER(TRIM(Raw_Nigeria!G11)) -> POL3 | J11: =Raw_Nigeria!H11 -> Record or Recall | K11: =Raw_Nigeria!L11 -> 12-23 m | L11: =IF(Raw_Nigeria!K11="","n/a",Raw_Nigeria!K11) -> 0-23 m | M11: =IF(Raw_Nigeria!I11="","",Raw_Nigeria!I11) | N11: =Raw_Nigeria!M11 -> 16.3 | O11: =IF(Raw_Nigeria!N11="","",Raw_Nigeria!N11) | P11: =IF(K11="CBAW","Women of child-bearing age","Children") -> Children | Q11: =IF(J11="NOT USED",1,0) -> 0 | R11: =IF(AND(P11="Children",Q11=0),1,0) -> 1 | S11: =IF(AND(R11=1,J11="Record or Recall",K11="12-23 m"),1,0) -> 1 | T11: =IF(OR(I11="BCG",I11="DTP1",I11="DTP3",I11="POL3",I11="MCV1",I11="FULL"),1,0) -> 1 | U11: =IF(OR(C11="DHS",C11="MICS"),1,0) -> 0 | V11: =IF(O11="",1,0) -> 1 | W11: =IF(M11="",1,0) -> 1 | X11: =COUNTIFS($B$2:$B$1141,B11,$H$2:$H$1141,H11,$I$2:$I$1141,I11,$J$2:$J$1141,J11,$K$2:$K$1141,K11,$L$2:$L$1141,L11) -> 1
A12: =ROW()-1 -> 11 | B12: =IF(Raw_Nigeria!B12="",TRIM(Raw_Nigeria!C12),TRIM(Raw_Nigeria!B12)) -> Status report on revised EPI programme from 1985 to 1989 | C12: =IF(ISNUMBER(SEARCH("Demographic and Health",B12)),"DHS",IF(OR(ISNUMBER(SEARCH("Multiple Indicator Cluster",B12)),ISNUMBER(SEARCH("MICS",B12))),"MICS",IF(ISNUMBER(SEARCH("Immunization Coverage Survey",B12)),"Coverage survey",IF(ISNUMBER(SEARCH("Nutrition",B12)),"Nutrition survey","Other")))) -> Other | D12: =VALUE(LEFT(Raw_Nigeria!D12,4)) -> 1986 | E12: =IF(VALUE(RIGHT(Raw_Nigeria!D12,2))>12,"",VALUE(RIGHT(Raw_Nigeria!D12,2))) | F12: =VALUE(LEFT(Raw_Nigeria!E12,4)) -> 1986 | G12: =IF(VALUE(RIGHT(Raw_Nigeria!E12,2))>12,"",VALUE(RIGHT(Raw_Nigeria!E12,2))) | H12: =Raw_Nigeria!F12 -> 1985 | I12: =UPPER(TRIM(Raw_Nigeria!G12)) -> TT1 | J12: =Raw_Nigeria!H12 -> Record or Recall | K12: =Raw_Nigeria!L12 -> CBAW | L12: =IF(Raw_Nigeria!K12="","n/a",Raw_Nigeria!K12) -> n/a | M12: =IF(Raw_Nigeria!I12="","",Raw_Nigeria!I12) | N12: =Raw_Nigeria!M12 -> 17.4 | O12: =IF(Raw_Nigeria!N12="","",Raw_Nigeria!N12) | P12: =IF(K12="CBAW","Women of child-bearing age","Children") -> Women of child-bearing age | Q12: =IF(J12="NOT USED",1,0) -> 0 | R12: =IF(AND(P12="Children",Q12=0),1,0) -> 0 | S12: =IF(AND(R12=1,J12="Record or Recall",K12="12-23 m"),1,0) -> 0 | T12: =IF(OR(I12="BCG",I12="DTP1",I12="DTP3",I12="POL3",I12="MCV1",I12="FULL"),1,0) -> 0 | U12: =IF(OR(C12="DHS",C12="MICS"),1,0) -> 0 | V12: =IF(O12="",1,0) -> 1 | W12: =IF(M12="",1,0) -> 1 | X12: =COUNTIFS($B$2:$B$1141,B12,$H$2:$H$1141,H12,$I$2:$I$1141,I12,$J$2:$J$1141,J12,$K$2:$K$1141,K12,$L$2:$L$1141,L12) -> 1
A13: =ROW()-1 -> 12 | B13: =IF(Raw_Nigeria!B13="",TRIM(Raw_Nigeria!C13),TRIM(Raw_Nigeria!B13)) -> Status report on revised EPI programme from 1985 to 1989 | C13: =IF(ISNUMBER(SEARCH("Demographic and Health",B13)),"DHS",IF(OR(ISNUMBER(SEARCH("Multiple Indicator Cluster",B13)),ISNUMBER(SEARCH("MICS",B13))),"MICS",IF(ISNUMBER(SEARCH("Immunization Coverage Survey",B13)),"Coverage survey",IF(ISNUMBER(SEARCH("Nutrition",B13)),"Nutrition survey","Other")))) -> Other | D13: =VALUE(LEFT(Raw_Nigeria!D13,4)) -> 1986 | E13: =IF(VALUE(RIGHT(Raw_Nigeria!D13,2))>12,"",VALUE(RIGHT(Raw_Nigeria!D13,2))) | F13: =VALUE(LEFT(Raw_Nigeria!E13,4)) -> 1986 | G13: =IF(VALUE(RIGHT(Raw_Nigeria!E13,2))>12,"",VALUE(RIGHT(Raw_Nigeria!E13,2))) | H13: =Raw_Nigeria!F13 -> 1985 | I13: =UPPER(TRIM(Raw_Nigeria!G13)) -> TT2+ | J13: =Raw_Nigeria!H13 -> Record or Recall | K13: =Raw_Nigeria!L13 -> CBAW | L13: =IF(Raw_Nigeria!K13="","n/a",Raw_Nigeria!K13) -> n/a | M13: =IF(Raw_Nigeria!I13="","",Raw_Nigeria!I13) | N13: =Raw_Nigeria!M13 -> 17.4 | O13: =IF(Raw_Nigeria!N13="","",Raw_Nigeria!N13) | P13: =IF(K13="CBAW","Women of child-bearing age","Children") -> Women of child-bearing age | Q13: =IF(J13="NOT USED",1,0) -> 0 | R13: =IF(AND(P13="Children",Q13=0),1,0) -> 0 | S13: =IF(AND(R13=1,J13="Record or Recall",K13="12-23 m"),1,0) -> 0 | T13: =IF(OR(I13="BCG",I13="DTP1",I13="DTP3",I13="POL3",I13="MCV1",I13="FULL"),1,0) -> 0 | U13: =IF(OR(C13="DHS",C13="MICS"),1,0) -> 0 | V13: =IF(O13="",1,0) -> 1 | W13: =IF(M13="",1,0) -> 1 | X13: =COUNTIFS($B$2:$B$1141,B13,$H$2:$H$1141,H13,$I$2:$I$1141,I13,$J$2:$J$1141,J13,$K$2:$K$1141,K13,$L$2:$L$1141,L13) -> 1
... A1141: =ROW()-1 -> 1140 | B1141: =IF(Raw_Nigeria!B1141="",TRIM(Raw_Nigeria!C1141),TRIM(Raw_Nigeria!B1141)) -> Nigeria Demographic and Health Survey 2024 | C1141: =IF(ISNUMBER(SEARCH("Demographic and Health",B1141)),"DHS",IF(OR(ISNUMBER(SEARCH("Multiple Indicator Cluster",B1141)),ISNUMBER(SEARCH("MICS",B1141))),"MICS",IF(ISNUMBER(SEARCH("Immunization Coverage Survey",B1141)),"Coverage survey",IF(ISNUMBER(SEARCH("Nutrition",B1141)),"Nutrition survey","Other")))) -> DHS | D1141: =VALUE(LEFT(Raw_Nigeria!D1141,4)) -> 2023 | E1141: =IF(VALUE(RIGHT(Raw_Nigeria!D1141,2))>12,"",VALUE(RIGHT(Raw_Nigeria!D1141,2))) -> 12 | F1141: =VALUE(LEFT(Raw_Nigeria!E1141,4)) -> 2024 | G1141: =IF(VALUE(RIGHT(Raw_Nigeria!E1141,2))>12,"",VALUE(RIGHT(Raw_Nigeria!E1141,2))) -> 5 | H1141: =Raw_Nigeria!F1141 -> 2022 | I1141: =UPPER(TRIM(Raw_Nigeria!G1141)) -> YFV | J1141: =Raw_Nigeria!H1141 -> Record or Recall<12m | K1141: =Raw_Nigeria!L1141 -> 12-23 m | L1141: =IF(Raw_Nigeria!K1141="","n/a",Raw_Nigeria!K1141) -> 0-12 m | M1141: =IF(Raw_Nigeria!I1141="","",Raw_Nigeria!I1141) -> 50.2 | N1141: =Raw_Nigeria!M1141 -> 45.5 | O1141: =IF(Raw_Nigeria!N1141="","",Raw_Nigeria!N1141) -> 5121 | P1141: =IF(K1141="CBAW","Women of child-bearing age","Children") -> Children | Q1141: =IF(J1141="NOT USED",1,0) -> 0 | R1141: =IF(AND(P1141="Children",Q1141=0),1,0) -> 1 | S1141: =IF(AND(R1141=1,J1141="Record or Recall",K1141="12-23 m"),1,0) -> 0 | T1141: =IF(OR(I1141="BCG",I1141="DTP1",I1141="DTP3",I1141="POL3",I1141="MCV1",I1141="FULL"),1,0) -> 0 | U1141: =IF(OR(C1141="DHS",C1141="MICS"),1,0) -> 1 | V1141: =IF(O1141="",1,0) -> 0 | W1141: =IF(M1141="",1,0) -> 0 | X1141: =COUNTIFS($B$2:$B$1141,B1141,$H$2:$H$1141,H1141,$I$2:$I$1141,I1141,$J$2:$J$1141,J1141,$K$2:$K$1141,K1141,$L$2:$L$1141,L1141) -> 1

Sheet Cleaning_Log
A1: Step 3 - Cleaning log: missing and inconsistent values
A2: Every count below is a live formula on Raw_Nigeria / Clean_Data. Raw data is never edited; fixes are applied as formulas in Clean_Data.
A4: # | B4: Issue found | C4: Column(s) | D4: Rows affected | E4: Action taken in Clean_Data | F4: Why
A5: 1 | B5: Survey name (English) missing | C5: surveyNameEnglish | D5: =COUNTBLANK(Raw_Nigeria!$B$2:$B$1141) -> 122 | E5: Filled from surveyNameProduction; extra spaces trimmed (Survey column) | F5: These are all pre-2000 surveys. Without the fix 6 older surveys would vanish from any survey-level view.
A6: 2 | B6: Collection month is a placeholder (month code above 12, e.g. '1999-98') | C6: collectBegin / collectEnd | D6: =SUMPRODUCT(--(((Clean_Data!$E$2:$E$1141="")+(Clean_Data!$G$2:$G$1141=""))>0)) -> 58 | E6: Year and month split; placeholder months set to blank | F6: '98' is not a real month. Left as-is it would break any date conversion.
A7: 3 | B7: Sample size (denominator) missing | C7: denominator | D7: =SUM(Clean_Data!$V$2:$V$1141) -> 94 | E7: Kept blank (not imputed); flagged in Missing_Denominator | F7: Needed for margins of error; older surveys lack it, so MoE is only shown where n exists.
A8: 4 | B8: Share of children with vaccination card seen missing | C8: cardsSeen | D8: =SUM(Clean_Data!$W$2:$W$1141) -> 373 | E8: Kept blank (not imputed); flagged in Missing_CardsSeen | F8: Cannot be reconstructed. Do not treat blank as zero.
A9: 5 | B9: Rows about women (tetanus / protection at birth), not children | C9: ageInterview = CBAW | D9: =COUNTIF(Clean_Data!$P$2:$P$1141,"Women of child-bearing age") -> 33 | E9: Labelled Population_Group; excluded from child analysis (In_Scope_Child = 0) | F9: Your project is on childhood immunisation.
A10: 6 | B10: Age at vaccination missing | C10: ageVaccination | D10: =COUNTIF(Clean_Data!$L$2:$L$1141,"n/a") -> 33 | E10: Set to 'n/a' | F10: Same rows as the women's tetanus records above (no age window applies).
A11: 7 | B11: Evidence marked NOT USED by the data producers | C11: evidence | D11: =COUNTIF(Raw_Nigeria!$H$2:$H$1141,"NOT USED") -> 7 | E11: Excluded from analysis (Evidence_Not_Used = 1) | F11: The source itself says these values were not used.
A12: 8 | B12: Vaccine label in mixed case (e.g. Pol3+IPV1) | C12: vaccine | D12: =SUMPRODUCT(--NOT(EXACT(Raw_Nigeria!$G$2:$G$1141,UPPER(Raw_Nigeria!$G$2:$G$1141)))) -> 8 | E12: Upper-cased and trimmed | F12: Prevents the same vaccine being counted as two labels in pivots and Power BI.
A13: 9 | B13: Exact duplicate records (same survey, cohort, vaccine, evidence, ages) | C13: multiple | D13: =COUNTIF(Clean_Data!$X$2:$X$1141,">1") -> 0 | E13: None found; check kept live in Key_Count | F13: Duplicates would double count in averages.
A14: 10 | B14: Coverage outside 0-100% | C14: coverage | D14: =COUNTIF(Clean_Data!$N$2:$N$1141,"<0")+COUNTIF(Clean_Data!$N$2:$N$1141,">100") -> 0 | E14: None found | F14: Impossible values would indicate entry errors.
A15: 11 | B15: All rows flagged CRUDE (unadjusted survey estimates) | C15: validity | D15: =COUNTIF(Raw_Nigeria!$J$2:$J$1141,"CRUDE") -> 1140 | E15: No change; documented | F15: These are survey inputs, not the official WHO/UNICEF estimates. Do not present them as official national coverage.
A16: 12 | B16: Different surveys not directly comparable (design, definitions, FULL definition) | C16: survey | D16: n/a | E16: Analysis uses one standard definition: Record or Recall, children aged 12-23 months (Standard_Comparable = 1) and reports survey families separately | F16: Mixing evidence types and ages would create fake trends.
A18: Totals
B19: Total Nigeria rows in raw file | D19: =COUNTA(Raw_Nigeria!$A$2:$A$1141) -> 1140
B20: Distinct surveys (cleaned names) | D20: =COUNTA(Surveys!A5:A100) -> 22
B21: Rows in the standard comparable set (children, record or recall, 12-23 m) | D21: =SUM(Clean_Data!$S$2:$S$1141) -> 217
B22: ...of which core vaccines (BCG, DTP1, DTP3, POL3, MCV1, FULL) | D22: =SUMPRODUCT(Clean_Data!$S$2:$S$1141,Clean_Data!$T$2:$T$1141) -> 120

Sheet Surveys
A1: Survey list (one row per survey, cleaned names)
A2: Family, year and row counts are formulas on Clean_Data. Survey names are the lookup keys.
A4: Survey | B4: Family | C4: Collect_End_Year | D4: Total_Rows | E4: Child_In_Scope_Rows | F4: Standard_Rows | G4: Has_Core_Standard_Data
A5: Status report on revised EPI programme from 1985 to 1989 | B5: =INDEX(Clean_Data!$C$2:$C$1141,MATCH(A5,Clean_Data!$B$2:$B$1141,0)) -> Other | C5: =INDEX(Clean_Data!$F$2:$F$1141,MATCH(A5,Clean_Data!$B$2:$B$1141,0)) -> 1985 | D5: =COUNTIF(Clean_Data!$B$2:$B$1141,A5) -> 18 | E5: =COUNTIFS(Clean_Data!$B$2:$B$1141,A5,Clean_Data!$R$2:$R$1141,1) -> 12 | F5: =COUNTIFS(Clean_Data!$B$2:$B$1141,A5,Clean_Data!$S$2:$S$1141,1) -> 12 | G5: =IF(COUNTIFS(Clean_Data!$B$2:$B$1141,A5,Clean_Data!$S$2:$S$1141,1,Clean_Data!$T$2:$T$1141,1)>0,"Yes","No") -> Yes
A6: Nigeria Demographic and Health Survey 1990, 1992 | B6: =INDEX(Clean_Data!$C$2:$C$1141,MATCH(A6,Clean_Data!$B$2:$B$1141,0)) -> DHS | C6: =INDEX(Clean_Data!$F$2:$F$1141,MATCH(A6,Clean_Data!$B$2:$B$1141,0)) -> 1990 | D6: =COUNTIF(Clean_Data!$B$2:$B$1141,A6) -> 57 | E6: =COUNTIFS(Clean_Data!$B$2:$B$1141,A6,Clean_Data!$R$2:$R$1141,1) -> 56 | F6: =COUNTIFS(Clean_Data!$B$2:$B$1141,A6,Clean_Data!$S$2:$S$1141,1) -> 7 | G6: =IF(COUNTIFS(Clean_Data!$B$2:$B$1141,A6,Clean_Data!$S$2:$S$1141,1,Clean_Data!$T$2:$T$1141,1)>0,"Yes","No") -> Yes
A7: EPI, Immunization Coverage Survey, 1988 | B7: =INDEX(Clean_Data!$C$2:$C$1141,MATCH(A7,Clean_Data!$B$2:$B$1141,0)) -> Coverage survey | C7: =INDEX(Clean_Data!$F$2:$F$1141,MATCH(A7,Clean_Data!$B$2:$B$1141,0)) -> 1988 | D7: =COUNTIF(Clean_Data!$B$2:$B$1141,A7) -> 15 | E7: =COUNTIFS(Clean_Data!$B$2:$B$1141,A7,Clean_Data!$R$2:$R$1141,1) -> 15 | F7: =COUNTIFS(Clean_Data!$B$2:$B$1141,A7,Clean_Data!$S$2:$S$1141,1) -> 5 | G7: =IF(COUNTIFS(Clean_Data!$B$2:$B$1141,A7,Clean_Data!$S$2:$S$1141,1,Clean_Data!$T$2:$T$1141,1)>0,"Yes","No") -> Yes
A8: WHO/EPI/CEIS/90.1 | B8: =INDEX(Clean_Data!$C$2:$C$1141,MATCH(A8,Clean_Data!$B$2:$B$1141,0)) -> Other | C8: =INDEX(Clean_Data!$F$2:$F$1141,MATCH(A8,Clean_Data!$B$2:$B$1141,0)) -> 1988 | D8: =COUNTIF(Clean_Data!$B$2:$B$1141,A8) -> 1 | E8: =COUNTIFS(Clean_Data!$B$2:$B$1141,A8,Clean_Data!$R$2:$R$1141,1) -> 0 | F8: =COUNTIFS(Clean_Data!$B$2:$B$1141,A8,Clean_Data!$S$2:$S$1141,1) -> 0 | G8: =IF(COUNTIFS(Clean_Data!$B$2:$B$1141,A8,Clean_Data!$S$2:$S$1141,1,Clean_Data!$T$2:$T$1141,1)>0,"Yes","No") -> No
A9: FR of Nigeria Multiple Indicator Cluster Survey 1995 | B9: =INDEX(Clean_Data!$C$2:$C$1141,MATCH(A9,Clean_Data!$B$2:$B$1141,0)) -> MICS | C9: =INDEX(Clean_Data!$F$2:$F$1141,MATCH(A9,Clean_Data!$B$2:$B$1141,0)) -> 1995 | D9: =COUNTIF(Clean_Data!$B$2:$B$1141,A9) -> 15 | E9: =COUNTIFS(Clean_Data!$B$2:$B$1141,A9,Clean_Data!$R$2:$R$1141,1) -> 14 | F9: =COUNTIFS(Clean_Data!$B$2:$B$1141,A9,Clean_Data!$S$2:$S$1141,1) -> 5 | G9: =IF(COUNTIFS(Clean_Data!$B$2:$B$1141,A9,Clean_Data!$S$2:$S$1141,1,Clean_Data!$T$2:$T$1141,1)>0,"Yes","No") -> Yes
A10: MICS Nigeria, 1999 | B10: =INDEX(Clean_Data!$C$2:$C$1141,MATCH(A10,Clean_Data!$B$2:$B$1141,0)) -> MICS | C10: =INDEX(Clean_Data!$F$2:$F$1141,MATCH(A10,Clean_Data!$B$2:$B$1141,0)) -> 1999 | D10: =COUNTIF(Clean_Data!$B$2:$B$1141,A10) -> 16 | E10: =COUNTIFS(Clean_Data!$B$2:$B$1141,A10,Clean_Data!$R$2:$R$1141,1) -> 16 | F10: =COUNTIFS(Clean_Data!$B$2:$B$1141,A10,Clean_Data!$S$2:$S$1141,1) -> 7 | G10: =IF(COUNTIFS(Clean_Data!$B$2:$B$1141,A10,Clean_Data!$S$2:$S$1141,1,Clean_Data!$T$2:$T$1141,1)>0,"Yes","No") -> Yes
A11: Nigeria Demographic and Health Survey 1999, 2000 | B11: =INDEX(Clean_Data!$C$2:$C$1141,MATCH(A11,Clean_Data!$B$2:$B$1141,0)) -> DHS | C11: =INDEX(Clean_Data!$F$2:$F$1141,MATCH(A11,Clean_Data!$B$2:$B$1141,0)) -> 1999 | D11: =COUNTIF(Clean_Data!$B$2:$B$1141,A11) -> 29 | E11: =COUNTIFS(Clean_Data!$B$2:$B$1141,A11,Clean_Data!$R$2:$R$1141,1) -> 28 | F11: =COUNTIFS(Clean_Data!$B$2:$B$1141,A11,Clean_Data!$S$2:$S$1141,1) -> 7 | G11: =IF(COUNTIFS(Clean_Data!$B$2:$B$1141,A11,Clean_Data!$S$2:$S$1141,1,Clean_Data!$T$2:$T$1141,1)>0,"Yes","No") -> Yes
A12: Nigeria Demographic and Health Survey 2003 | B12: =INDEX(Clean_Data!$C$2:$C$1141,MATCH(A12,Clean_Data!$B$2:$B$1141,0)) -> DHS | C12: =INDEX(Clean_Data!$F$2:$F$1141,MATCH(A12,Clean_Data!$B$2:$B$1141,0)) -> 2003 | D12: =COUNTIF(Clean_Data!$B$2:$B$1141,A12) -> 29 | E12: =COUNTIFS(Clean_Data!$B$2:$B$1141,A12,Clean_Data!$R$2:$R$1141,1) -> 28 | F12: =COUNTIFS(Clean_Data!$B$2:$B$1141,A12,Clean_Data!$S$2:$S$1141,1) -> 7 | G12: =IF(COUNTIFS(Clean_Data!$B$2:$B$1141,A12,Clean_Data!$S$2:$S$1141,1,Clean_Data!$T$2:$T$1141,1)>0,"Yes","No") -> Yes
A13: Nigeria National Immunization Coverage Survey 2003 | B13: =INDEX(Clean_Data!$C$2:$C$1141,MATCH(A13,Clean_Data!$B$2:$B$1141,0)) -> Coverage survey | C13: =INDEX(Clean_Data!$F$2:$F$1141,MATCH(A13,Clean_Data!$B$2:$B$1141,0)) -> 2003 | D13: =COUNTIF(Clean_Data!$B$2:$B$1141,A13) -> 8 | E13: =COUNTIFS(Clean_Data!$B$2:$B$1141,A13,Clean_Data!$R$2:$R$1141,1) -> 7 | F13: =COUNTIFS(Clean_Data!$B$2:$B$1141,A13,Clean_Data!$S$2:$S$1141,1) -> 7 | G13: =IF(COUNTIFS(Clean_Data!$B$2:$B$1141,A13,Clean_Data!$S$2:$S$1141,1,Clean_Data!$T$2:$T$1141,1)>0,"Yes","No") -> Yes
A14: Nigeria National Immunization Coverage Survey (2006) | B14: =INDEX(Clean_Data!$C$2:$C$1141,MATCH(A14,Clean_Data!$B$2:$B$1141,0)) -> Coverage survey | C14: =INDEX(Clean_Data!$F$2:$F$1141,MATCH(A14,Clean_Data!$B$2:$B$1141,0)) -> 2006 | D14: =COUNTIF(Clean_Data!$B$2:$B$1141,A14) -> 21 | E14: =COUNTIFS(Clean_Data!$B$2:$B$1141,A14,Clean_Data!$R$2:$R$1141,1) -> 21 | F14: =COUNTIFS(Clean_Data!$B$2:$B$1141,A14,Clean_Data!$S$2:$S$1141,1) -> 11 | G14: =IF(COUNTIFS(Clean_Data!$B$2:$B$1141,A14,Clean_Data!$S$2:$S$1141,1,Clean_Data!$T$2:$T$1141,1)>0,"Yes","No") -> Yes
A15: Nigeria Multiple Indicator Cluster Survey 2007 | B15: =INDEX(Clean_Data!$C$2:$C$1141,MATCH(A15,Clean_Data!$B$2:$B$1141,0)) -> MICS | C15: =INDEX(Clean_Data!$F$2:$F$1141,MATCH(A15,Clean_Data!$B$2:$B$1141,0)) -> 2007 | D15: =COUNTIF(Clean_Data!$B$2:$B$1141,A15) -> 30 | E15: =COUNTIFS(Clean_Data!$B$2:$B$1141,A15,Clean_Data!$R$2:$R$1141,1) -> 28 | F15: =COUNTIFS(Clean_Data!$B$2:$B$1141,A15,Clean_Data!$S$2:$S$1141,1) -> 7 | G15: =IF(COUNTIFS(Clean_Data!$B$2:$B$1141,A15,Clean_Data!$S$2:$S$1141,1,Clean_Data!$T$2:$T$1141,1)>0,"Yes","No") -> Yes
A16: Nigeria Demographic and Health Survey 2008 | B16: =INDEX(Clean_Data!$C$2:$C$1141,MATCH(A16,Clean_Data!$B$2:$B$1141,0)) -> DHS | C16: =INDEX(Clean_Data!$F$2:$F$1141,MATCH(A16,Clean_Data!$B$2:$B$1141,0)) -> 2008 | D16: =COUNTIF(Clean_Data!$B$2:$B$1141,A16) -> 30 | E16: =COUNTIFS(Clean_Data!$B$2:$B$1141,A16,Clean_Data!$R$2:$R$1141,1) -> 28 | F16: =COUNTIFS(Clean_Data!$B$2:$B$1141,A16,Clean_Data!$S$2:$S$1141,1) -> 7 | G16: =IF(COUNTIFS(Clean_Data!$B$2:$B$1141,A16,Clean_Data!$S$2:$S$1141,1,Clean_Data!$T$2:$T$1141,1)>0,"Yes","No") -> Yes
... A26: Nigeria Demographic and Health Survey 2024 | B26: =INDEX(Clean_Data!$C$2:$C$1141,MATCH(A26,Clean_Data!$B$2:$B$1141,0)) -> DHS | C26: =INDEX(Clean_Data!$F$2:$F$1141,MATCH(A26,Clean_Data!$B$2:$B$1141,0)) -> 2024 | D26: =COUNTIF(Clean_Data!$B$2:$B$1141,A26) -> 234 | E26: =COUNTIFS(Clean_Data!$B$2:$B$1141,A26,Clean_Data!$R$2:$R$1141,1) -> 232 | F26: =COUNTIFS(Clean_Data!$B$2:$B$1141,A26,Clean_Data!$S$2:$S$1141,1) -> 29 | G26: =IF(COUNTIFS(Clean_Data!$B$2:$B$1141,A26,Clean_Data!$S$2:$S$1141,1,Clean_Data!$T$2:$T$1141,1)>0,"Yes","No") -> Yes

Sheet Coverage
A1: Step 4 - Vaccination coverage by survey (children aged 12-23 months, card or caregiver recall)
A2: Coverage % = survey-reported share of children vaccinated. Each row is one survey and birth cohort. Values are AVERAGEIFS lookups on Clean_Data (Standard_Comparable = 1).
A3: Design effect (assumption) | B3: 2 | C3: ASSUMPTION, not in the source file. Clustered surveys have wider error than simple random samples; set from the survey report if you have it. Drives the margin of error in column L only.
A5: Survey | B5: Family | C5: Cohort_Year | D5: Collect_End_Year | E5: BCG | F5: DTP1 | G5: DTP3 | H5: POL3 | I5: MCV1 | J5: FULL | K5: DTP3_Sample_n | L5: DTP3_95%_Margin_pp | M5: DTP_Dropout_% | N5: BCG_to_MCV1_Dropout_% | O5: Zero_Dose_Proxy_% | P5: Not_Fully_Vaccinated_% | Q5: Check_DTP3_Rows
A6: Status report on revised EPI programme from 1985 to 1989 | B6: =INDEX(Clean_Data!$C$2:$C$1141,MATCH(A6,Clean_Data!$B$2:$B$1141,0)) -> Other | C6: 1984 | D6: =INDEX(Clean_Data!$F$2:$F$1141,MATCH(A6,Clean_Data!$B$2:$B$1141,0)) -> 1985 | E6: =IFERROR(AVERAGEIFS(Clean_Data!$N$2:$N$1141,Clean_Data!$B$2:$B$1141,$A6,Clean_Data!$H$2:$H$1141,$C6,Clean_Data!$I$2:$I$1141,E$5,Clean_Data!$S$2:$S$1141,1),"") -> 16.5 | F6: =IFERROR(AVERAGEIFS(Clean_Data!$N$2:$N$1141,Clean_Data!$B$2:$B$1141,$A6,Clean_Data!$H$2:$H$1141,$C6,Clean_Data!$I$2:$I$1141,F$5,Clean_Data!$S$2:$S$1141,1),"") | G6: =IFERROR(AVERAGEIFS(Clean_Data!$N$2:$N$1141,Clean_Data!$B$2:$B$1141,$A6,Clean_Data!$H$2:$H$1141,$C6,Clean_Data!$I$2:$I$1141,G$5,Clean_Data!$S$2:$S$1141,1),"") -> 8.9 | H6: =IFERROR(AVERAGEIFS(Clean_Data!$N$2:$N$1141,Clean_Data!$B$2:$B$1141,$A6,Clean_Data!$H$2:$H$1141,$C6,Clean_Data!$I$2:$I$1141,H$5,Clean_Data!$S$2:$S$1141,1),"") -> 8.1 | I6: =IFERROR(AVERAGEIFS(Clean_Data!$N$2:$N$1141,Clean_Data!$B$2:$B$1141,$A6,Clean_Data!$H$2:$H$1141,$C6,Clean_Data!$I$2:$I$1141,I$5,Clean_Data!$S$2:$S$1141,1),"") -> 9.1 | J6: =IFERROR(AVERAGEIFS(Clean_Data!$N$2:$N$1141,Clean_Data!$B$2:$B$1141,$A6,Clean_Data!$H$2:$H$1141,$C6,Clean_Data!$I$2:$I$1141,J$5,Clean_Data!$S$2:$S$1141,1),"") | K6: =IFERROR(AVERAGEIFS(Clean_Data!$O$2:$O$1141,Clean_Data!$B$2:$B$1141,$A6,Clean_Data!$H$2:$H$1141,$C6,Clean_Data!$I$2:$I$1141,"DTP3",Clean_Data!$S$2:$S$1141,1),"") | L6: =IF(AND(ISNUMBER(G6),ISNUMBER(K6)),1.96*SQRT((G6/100)*(1-G6/100)/(K6/$B$3))*100,"") | M6: =IF(AND(ISNUMBER(F6),ISNUMBER(G6)),IF(F6>0,(F6-G6)/F6*100,""),"") | N6: =IF(AND(ISNUMBER(E6),ISNUMBER(I6)),IF(E6>0,(E6-I6)/E6*100,""),"") -> 44.848485 | O6: =IF(ISNUMBER(F6),100-F6,"") | P6: =IF(ISNUMBER(J6),100-J6,"") | Q6: =COUNTIFS(Clean_Data!$B$2:$B$1141,$A6,Clean_Data!$H$2:$H$1141,$C6,Clean_Data!$I$2:$I$1141,"DTP3",Clean_Data!$S$2:$S$1141,1) -> 1
A7: Status report on revised EPI programme from 1985 to 1989 | B7: =INDEX(Clean_Data!$C$2:$C$1141,MATCH(A7,Clean_Data!$B$2:$B$1141,0)) -> Other | C7: 1985 | D7: =INDEX(Clean_Data!$F$2:$F$1141,MATCH(A7,Clean_Data!$B$2:$B$1141,0)) -> 1985 | E7: =IFERROR(AVERAGEIFS(Clean_Data!$N$2:$N$1141,Clean_Data!$B$2:$B$1141,$A7,Clean_Data!$H$2:$H$1141,$C7,Clean_Data!$I$2:$I$1141,E$5,Clean_Data!$S$2:$S$1141,1),"") -> 28.3 | F7: =IFERROR(AVERAGEIFS(Clean_Data!$N$2:$N$1141,Clean_Data!$B$2:$B$1141,$A7,Clean_Data!$H$2:$H$1141,$C7,Clean_Data!$I$2:$I$1141,F$5,Clean_Data!$S$2:$S$1141,1),"") | G7: =IFERROR(AVERAGEIFS(Clean_Data!$N$2:$N$1141,Clean_Data!$B$2:$B$1141,$A7,Clean_Data!$H$2:$H$1141,$C7,Clean_Data!$I$2:$I$1141,G$5,Clean_Data!$S$2:$S$1141,1),"") -> 15.9 | H7: =IFERROR(AVERAGEIFS(Clean_Data!$N$2:$N$1141,Clean_Data!$B$2:$B$1141,$A7,Clean_Data!$H$2:$H$1141,$C7,Clean_Data!$I$2:$I$1141,H$5,Clean_Data!$S$2:$S$1141,1),"") -> 16.3 | I7: =IFERROR(AVERAGEIFS(Clean_Data!$N$2:$N$1141,Clean_Data!$B$2:$B$1141,$A7,Clean_Data!$H$2:$H$1141,$C7,Clean_Data!$I$2:$I$1141,I$5,Clean_Data!$S$2:$S$1141,1),"") -> 17.2 | J7: =IFERROR(AVERAGEIFS(Clean_Data!$N$2:$N$1141,Clean_Data!$B$2:$B$1141,$A7,Clean_Data!$H$2:$H$1141,$C7,Clean_Data!$I$2:$I$1141,J$5,Clean_Data!$S$2:$S$1141,1),"") | K7: =IFERROR(AVERAGEIFS(Clean_Data!$O$2:$O$1141,Clean_Data!$B$2:$B$1141,$A7,Clean_Data!$H$2:$H$1141,$C7,Clean_Data!$I$2:$I$1141,"DTP3",Clean_Data!$S$2:$S$1141,1),"") | L7: =IF(AND(ISNUMBER(G7),ISNUMBER(K7)),1.96*SQRT((G7/100)*(1-G7/100)/(K7/$B$3))*100,"") | M7: =IF(AND(ISNUMBER(F7),ISNUMBER(G7)),IF(F7>0,(F7-G7)/F7*100,""),"") | N7: =IF(AND(ISNUMBER(E7),ISNUMBER(I7)),IF(E7>0,(E7-I7)/E7*100,""),"") -> 39.222615 | O7: =IF(ISNUMBER(F7),100-F7,"") | P7: =IF(ISNUMBER(J7),100-J7,"") | Q7: =COUNTIFS(Clean_Data!$B$2:$B$1141,$A7,Clean_Data!$H$2:$H$1141,$C7,Clean_Data!$I$2:$I$1141,"DTP3",Clean_Data!$S$2:$S$1141,1) -> 1
A8: Status report on revised EPI programme from 1985 to 1989 | B8: =INDEX(Clean_Data!$C$2:$C$1141,MATCH(A8,Clean_Data!$B$2:$B$1141,0)) -> Other | C8: 1986 | D8: =INDEX(Clean_Data!$F$2:$F$1141,MATCH(A8,Clean_Data!$B$2:$B$1141,0)) -> 1985 | E8: =IFERROR(AVERAGEIFS(Clean_Data!$N$2:$N$1141,Clean_Data!$B$2:$B$1141,$A8,Clean_Data!$H$2:$H$1141,$C8,Clean_Data!$I$2:$I$1141,E$5,Clean_Data!$S$2:$S$1141,1),"") -> 40 | F8: =IFERROR(AVERAGEIFS(Clean_Data!$N$2:$N$1141,Clean_Data!$B$2:$B$1141,$A8,Clean_Data!$H$2:$H$1141,$C8,Clean_Data!$I$2:$I$1141,F$5,Clean_Data!$S$2:$S$1141,1),"") | G8: =IFERROR(AVERAGEIFS(Clean_Data!$N$2:$N$1141,Clean_Data!$B$2:$B$1141,$A8,Clean_Data!$H$2:$H$1141,$C8,Clean_Data!$I$2:$I$1141,G$5,Clean_Data!$S$2:$S$1141,1),"") -> 21.5 | H8: =IFERROR(AVERAGEIFS(Clean_Data!$N$2:$N$1141,Clean_Data!$B$2:$B$1141,$A8,Clean_Data!$H$2:$H$1141,$C8,Clean_Data!$I$2:$I$1141,H$5,Clean_Data!$S$2:$S$1141,1),"") -> 20.7 | I8: =IFERROR(AVERAGEIFS(Clean_Data!$N$2:$N$1141,Clean_Data!$B$2:$B$1141,$A8,Clean_Data!$H$2:$H$1141,$C8,Clean_Data!$I$2:$I$1141,I$5,Clean_Data!$S$2:$S$1141,1),"") -> 28 | J8: =IFERROR(AVERAGEIFS(Clean_Data!$N$2:$N$1141,Clean_Data!$B$2:$B$1141,$A8,Clean_Data!$H$2:$H$1141,$C8,Clean_Data!$I$2:$I$1141,J$5,Clean_Data!$S$2:$S$1141,1),"") | K8: =IFERROR(AVERAGEIFS(Clean_Data!$O$2:$O$1141,Clean_Data!$B$2:$B$1141,$A8,Clean_Data!$H$2:$H$1141,$C8,Clean_Data!$I$2:$I$1141,"DTP3",Clean_Data!$S$2:$S$1141,1),"") | L8: =IF(AND(ISNUMBER(G8),ISNUMBER(K8)),1.96*SQRT((G8/100)*(1-G8/100)/(K8/$B$3))*100,"") | M8: =IF(AND(ISNUMBER(F8),ISNUMBER(G8)),IF(F8>0,(F8-G8)/F8*100,""),"") | N8: =IF(AND(ISNUMBER(E8),ISNUMBER(I8)),IF(E8>0,(E8-I8)/E8*100,""),"") -> 30 | O8: =IF(ISNUMBER(F8),100-F8,"") | P8: =IF(ISNUMBER(J8),100-J8,"") | Q8: =COUNTIFS(Clean_Data!$B$2:$B$1141,$A8,Clean_Data!$H$2:$H$1141,$C8,Clean_Data!$I$2:$I$1141,"DTP3",Clean_Data!$S$2:$S$1141,1) -> 1
A9: EPI, Immunization Coverage Survey, 1988 | B9: =INDEX(Clean_Data!$C$2:$C$1141,MATCH(A9,Clean_Data!$B$2:$B$1141,0)) -> Coverage survey | C9: 1987 | D9: =INDEX(Clean_Data!$F$2:$F$1141,MATCH(A9,Clean_Data!$B$2:$B$1141,0)) -> 1988 | E9: =IFERROR(AVERAGEIFS(Clean_Data!$N$2:$N$1141,Clean_Data!$B$2:$B$1141,$A9,Clean_Data!$H$2:$H$1141,$C9,Clean_Data!$I$2:$I$1141,E$5,Clean_Data!$S$2:$S$1141,1),"") -> 72.2 | F9: =IFERROR(AVERAGEIFS(Clean_Data!$N$2:$N$1141,Clean_Data!$B$2:$B$1141,$A9,Clean_Data!$H$2:$H$1141,$C9,Clean_Data!$I$2:$I$1141,F$5,Clean_Data!$S$2:$S$1141,1),"") | G9: =IFERROR(AVERAGEIFS(Clean_Data!$N$2:$N$1141,Clean_Data!$B$2:$B$1141,$A9,Clean_Data!$H$2:$H$1141,$C9,Clean_Data!$I$2:$I$1141,G$5,Clean_Data!$S$2:$S$1141,1),"") -> 57.8 | H9: =IFERROR(AVERAGEIFS(Clean_Data!$N$2:$N$1141,Clean_Data!$B$2:$B$1141,$A9,Clean_Data!$H$2:$H$1141,$C9,Clean_Data!$I$2:$I$1141,H$5,Clean_Data!$S$2:$S$1141,1),"") -> 57 | I9: =IFERROR(AVERAGEIFS(Clean_Data!$N$2:$N$1141,Clean_Data!$B$2:$B$1141,$A9,Clean_Data!$H$2:$H$1141,$C9,Clean_Data!$I$2:$I$1141,I$5,Clean_Data!$S$2:$S$1141,1),"") -> 59.2 | J9: =IFERROR(AVERAGEIFS(Clean_Data!$N$2:$N$1141,Clean_Data!$B$2:$B$1141,$A9,Clean_Data!$H$2:$H$1141,$C9,Clean_Data!$I$2:$I$1141,J$5,Clean_Data!$S$2:$S$1141,1),"") -> 37.5 | K9: =IFERROR(AVERAGEIFS(Clean_Data!$O$2:$O$1141,Clean_Data!$B$2:$B$1141,$A9,Clean_Data!$H$2:$H$1141,$C9,Clean_Data!$I$2:$I$1141,"DTP3",Clean_Data!$S$2:$S$1141,1),"") -> 9240 | L9: =IF(AND(ISNUMBER(G9),ISNUMBER(K9)),1.96*SQRT((G9/100)*(1-G9/100)/(K9/$B$3))*100,"") -> 1.4241483 | M9: =IF(AND(ISNUMBER(F9),ISNUMBER(G9)),IF(F9>0,(F9-G9)/F9*100,""),"") | N9: =IF(AND(ISNUMBER(E9),ISNUMBER(I9)),IF(E9>0,(E9-I9)/E9*100,""),"") -> 18.00554 | O9: =IF(ISNUMBER(F9),100-F9,"") | P9: =IF(ISNUMBER(J9),100-J9,"") -> 62.5 | Q9: =COUNTIFS(Clean_Data!$B$2:$B$1141,$A9,Clean_Data!$H$2:$H$1141,$C9,Clean_Data!$I$2:$I$1141,"DTP3",Clean_Data!$S$2:$S$1141,1) -> 1
A10: Nigeria Demographic and Health Survey 1990, 1992 | B10: =INDEX(Clean_Data!$C$2:$C$1141,MATCH(A10,Clean_Data!$B$2:$B$1141,0)) -> DHS | C10: 1989 | D10: =INDEX(Clean_Data!$F$2:$F$1141,MATCH(A10,Clean_Data!$B$2:$B$1141,0)) -> 1990 | E10: =IFERROR(AVERAGEIFS(Clean_Data!$N$2:$N$1141,Clean_Data!$B$2:$B$1141,$A10,Clean_Data!$H$2:$H$1141,$C10,Clean_Data!$I$2:$I$1141,E$5,Clean_Data!$S$2:$S$1141,1),"") -> 60.7 | F10: =IFERROR(AVERAGEIFS(Clean_Data!$N$2:$N$1141,Clean_Data!$B$2:$B$1141,$A10,Clean_Data!$H$2:$H$1141,$C10,Clean_Data!$I$2:$I$1141,F$5,Clean_Data!$S$2:$S$1141,1),"") -> 59.2 | G10: =IFERROR(AVERAGEIFS(Clean_Data!$N$2:$N$1141,Clean_Data!$B$2:$B$1141,$A10,Clean_Data!$H$2:$H$1141,$C10,Clean_Data!$I$2:$I$1141,G$5,Clean_Data!$S$2:$S$1141,1),"") -> 33.3 | H10: =IFERROR(AVERAGEIFS(Clean_Data!$N$2:$N$1141,Clean_Data!$B$2:$B$1141,$A10,Clean_Data!$H$2:$H$1141,$C10,Clean_Data!$I$2:$I$1141,H$5,Clean_Data!$S$2:$S$1141,1),"") -> 33.4 | I10: =IFERROR(AVERAGEIFS(Clean_Data!$N$2:$N$1141,Clean_Data!$B$2:$B$1141,$A10,Clean_Data!$H$2:$H$1141,$C10,Clean_Data!$I$2:$I$1141,I$5,Clean_Data!$S$2:$S$1141,1),"") -> 46 | J10: =IFERROR(AVERAGEIFS(Clean_Data!$N$2:$N$1141,Clean_Data!$B$2:$B$1141,$A10,Clean_Data!$H$2:$H$1141,$C10,Clean_Data!$I$2:$I$1141,J$5,Clean_Data!$S$2:$S$1141,1),"") -> 29.6 | K10: =IFERROR(AVERAGEIFS(Clean_Data!$O$2:$O$1141,Clean_Data!$B$2:$B$1141,$A10,Clean_Data!$H$2:$H$1141,$C10,Clean_Data!$I$2:$I$1141,"DTP3",Clean_Data!$S$2:$S$1141,1),"") -> 1380 | L10: =IF(AND(ISNUMBER(G10),ISNUMBER(K10)),1.96*SQRT((G10/100)*(1-G10/100)/(K10/$B$3))*100,"") -> 3.5165481 | M10: =IF(AND(ISNUMBER(F10),ISNUMBER(G10)),IF(F10>0,(F10-G10)/F10*100,""),"") -> 43.75 | N10: =IF(AND(ISNUMBER(E10),ISNUMBER(I10)),IF(E10>0,(E10-I10)/E10*100,""),"") -> 24.217463 | O10: =IF(ISNUMBER(F10),100-F10,"") -> 40.8 | P10: =IF(ISNUMBER(J10),100-J10,"") -> 70.4 | Q10: =COUNTIFS(Clean_Data!$B$2:$B$1141,$A10,Clean_Data!$H$2:$H$1141,$C10,Clean_Data!$I$2:$I$1141,"DTP3",Clean_Data!$S$2:$S$1141,1) -> 1
A11: FR of Nigeria Multiple Indicator Cluster Survey 1995 | B11: =INDEX(Clean_Data!$C$2:$C$1141,MATCH(A11,Clean_Data!$B$2:$B$1141,0)) -> MICS | C11: 1994 | D11: =INDEX(Clean_Data!$F$2:$F$1141,MATCH(A11,Clean_Data!$B$2:$B$1141,0)) -> 1995 | E11: =IFERROR(AVERAGEIFS(Clean_Data!$N$2:$N$1141,Clean_Data!$B$2:$B$1141,$A11,Clean_Data!$H$2:$H$1141,$C11,Clean_Data!$I$2:$I$1141,E$5,Clean_Data!$S$2:$S$1141,1),"") -> 52 | F11: =IFERROR(AVERAGEIFS(Clean_Data!$N$2:$N$1141,Clean_Data!$B$2:$B$1141,$A11,Clean_Data!$H$2:$H$1141,$C11,Clean_Data!$I$2:$I$1141,F$5,Clean_Data!$S$2:$S$1141,1),"") | G11: =IFERROR(AVERAGEIFS(Clean_Data!$N$2:$N$1141,Clean_Data!$B$2:$B$1141,$A11,Clean_Data!$H$2:$H$1141,$C11,Clean_Data!$I$2:$I$1141,G$5,Clean_Data!$S$2:$S$1141,1),"") -> 27.5 | H11: =IFERROR(AVERAGEIFS(Clean_Data!$N$2:$N$1141,Clean_Data!$B$2:$B$1141,$A11,Clean_Data!$H$2:$H$1141,$C11,Clean_Data!$I$2:$I$1141,H$5,Clean_Data!$S$2:$S$1141,1),"") -> 27.5 | I11: =IFERROR(AVERAGEIFS(Clean_Data!$N$2:$N$1141,Clean_Data!$B$2:$B$1141,$A11,Clean_Data!$H$2:$H$1141,$C11,Clean_Data!$I$2:$I$1141,I$5,Clean_Data!$S$2:$S$1141,1),"") -> 39.9 | J11: =IFERROR(AVERAGEIFS(Clean_Data!$N$2:$N$1141,Clean_Data!$B$2:$B$1141,$A11,Clean_Data!$H$2:$H$1141,$C11,Clean_Data!$I$2:$I$1141,J$5,Clean_Data!$S$2:$S$1141,1),"") -> 22 | K11: =IFERROR(AVERAGEIFS(Clean_Data!$O$2:$O$1141,Clean_Data!$B$2:$B$1141,$A11,Clean_Data!$H$2:$H$1141,$C11,Clean_Data!$I$2:$I$1141,"DTP3",Clean_Data!$S$2:$S$1141,1),"") -> 1743 | L11: =IF(AND(ISNUMBER(G11),ISNUMBER(K11)),1.96*SQRT((G11/100)*(1-G11/100)/(K11/$B$3))*100,"") -> 2.9645428 | M11: =IF(AND(ISNUMBER(F11),ISNUMBER(G11)),IF(F11>0,(F11-G11)/F11*100,""),"") | N11: =IF(AND(ISNUMBER(E11),ISNUMBER(I11)),IF(E11>0,(E11-I11)/E11*100,""),"") -> 23.269231 | O11: =IF(ISNUMBER(F11),100-F11,"") | P11: =IF(ISNUMBER(J11),100-J11,"") -> 78 | Q11: =COUNTIFS(Clean_Data!$B$2:$B$1141,$A11,Clean_Data!$H$2:$H$1141,$C11,Clean_Data!$I$2:$I$1141,"DTP3",Clean_Data!$S$2:$S$1141,1) -> 1
A12: MICS Nigeria, 1999 | B12: =INDEX(Clean_Data!$C$2:$C$1141,MATCH(A12,Clean_Data!$B$2:$B$1141,0)) -> MICS | C12: 1998 | D12: =INDEX(Clean_Data!$F$2:$F$1141,MATCH(A12,Clean_Data!$B$2:$B$1141,0)) -> 1999 | E12: =IFERROR(AVERAGEIFS(Clean_Data!$N$2:$N$1141,Clean_Data!$B$2:$B$1141,$A12,Clean_Data!$H$2:$H$1141,$C12,Clean_Data!$I$2:$I$1141,E$5,Clean_Data!$S$2:$S$1141,1),"") -> 43 | F12: =IFERROR(AVERAGEIFS(Clean_Data!$N$2:$N$1141,Clean_Data!$B$2:$B$1141,$A12,Clean_Data!$H$2:$H$1141,$C12,Clean_Data!$I$2:$I$1141,F$5,Clean_Data!$S$2:$S$1141,1),"") -> 41.1 | G12: =IFERROR(AVERAGEIFS(Clean_Data!$N$2:$N$1141,Clean_Data!$B$2:$B$1141,$A12,Clean_Data!$H$2:$H$1141,$C12,Clean_Data!$I$2:$I$1141,G$5,Clean_Data!$S$2:$S$1141,1),"") -> 23.4 | H12: =IFERROR(AVERAGEIFS(Clean_Data!$N$2:$N$1141,Clean_Data!$B$2:$B$1141,$A12,Clean_Data!$H$2:$H$1141,$C12,Clean_Data!$I$2:$I$1141,H$5,Clean_Data!$S$2:$S$1141,1),"") -> 18.8 | I12: =IFERROR(AVERAGEIFS(Clean_Data!$N$2:$N$1141,Clean_Data!$B$2:$B$1141,$A12,Clean_Data!$H$2:$H$1141,$C12,Clean_Data!$I$2:$I$1141,I$5,Clean_Data!$S$2:$S$1141,1),"") -> 35 | J12: =IFERROR(AVERAGEIFS(Clean_Data!$N$2:$N$1141,Clean_Data!$B$2:$B$1141,$A12,Clean_Data!$H$2:$H$1141,$C12,Clean_Data!$I$2:$I$1141,J$5,Clean_Data!$S$2:$S$1141,1),"") -> 13.3 | K12: =IFERROR(AVERAGEIFS(Clean_Data!$O$2:$O$1141,Clean_Data!$B$2:$B$1141,$A12,Clean_Data!$H$2:$H$1141,$C12,Clean_Data!$I$2:$I$1141,"DTP3",Clean_Data!$S$2:$S$1141,1),"") -> 2841 | L12: =IF(AND(ISNUMBER(G12),ISNUMBER(K12)),1.96*SQRT((G12/100)*(1-G12/100)/(K12/$B$3))*100,"") -> 2.2016981 | M12: =IF(AND(ISNUMBER(F12),ISNUMBER(G12)),IF(F12>0,(F12-G12)/F12*100,""),"") -> 43.065693 | N12: =IF(AND(ISNUMBER(E12),ISNUMBER(I12)),IF(E12>0,(E12-I12)/E12*100,""),"") -> 18.604651 | O12: =IF(ISNUMBER(F12),100-F12,"") -> 58.9 | P12: =IF(ISNUMBER(J12),100-J12,"") -> 86.7 | Q12: =COUNTIFS(Clean_Data!$B$2:$B$1141,$A12,Clean_Data!$H$2:$H$1141,$C12,Clean_Data!$I$2:$I$1141,"DTP3",Clean_Data!$S$2:$S$1141,1) -> 1
A13: Nigeria Demographic and Health Survey 1999, 2000 | B13: =INDEX(Clean_Data!$C$2:$C$1141,MATCH(A13,Clean_Data!$B$2:$B$1141,0)) -> DHS | C13: 1998 | D13: =INDEX(Clean_Data!$F$2:$F$1141,MATCH(A13,Clean_Data!$B$2:$B$1141,0)) -> 1999 | E13: =IFERROR(AVERAGEIFS(Clean_Data!$N$2:$N$1141,Clean_Data!$B$2:$B$1141,$A13,Clean_Data!$H$2:$H$1141,$C13,Clean_Data!$I$2:$I$1141,E$5,Clean_Data!$S$2:$S$1141,1),"") -> 53.8 | F13: =IFERROR(AVERAGEIFS(Clean_Data!$N$2:$N$1141,Clean_Data!$B$2:$B$1141,$A13,Clean_Data!$H$2:$H$1141,$C13,Clean_Data!$I$2:$I$1141,F$5,Clean_Data!$S$2:$S$1141,1),"") -> 47.4 | G13: =IFERROR(AVERAGEIFS(Clean_Data!$N$2:$N$1141,Clean_Data!$B$2:$B$1141,$A13,Clean_Data!$H$2:$H$1141,$C13,Clean_Data!$I$2:$I$1141,G$5,Clean_Data!$S$2:$S$1141,1),"") -> 26.3 | H13: =IFERROR(AVERAGEIFS(Clean_Data!$N$2:$N$1141,Clean_Data!$B$2:$B$1141,$A13,Clean_Data!$H$2:$H$1141,$C13,Clean_Data!$I$2:$I$1141,H$5,Clean_Data!$S$2:$S$1141,1),"") -> 24.8 | I13: =IFERROR(AVERAGEIFS(Clean_Data!$N$2:$N$1141,Clean_Data!$B$2:$B$1141,$A13,Clean_Data!$H$2:$H$1141,$C13,Clean_Data!$I$2:$I$1141,I$5,Clean_Data!$S$2:$S$1141,1),"") -> 40.5 | J13: =IFERROR(AVERAGEIFS(Clean_Data!$N$2:$N$1141,Clean_Data!$B$2:$B$1141,$A13,Clean_Data!$H$2:$H$1141,$C13,Clean_Data!$I$2:$I$1141,J$5,Clean_Data!$S$2:$S$1141,1),"") -> 16.8 | K13: =IFERROR(AVERAGEIFS(Clean_Data!$O$2:$O$1141,Clean_Data!$B$2:$B$1141,$A13,Clean_Data!$H$2:$H$1141,$C13,Clean_Data!$I$2:$I$1141,"DTP3",Clean_Data!$S$2:$S$1141,1),"") -> 1161 | L13: =IF(AND(ISNUMBER(G13),ISNUMBER(K13)),1.96*SQRT((G13/100)*(1-G13/100)/(K13/$B$3))*100,"") -> 3.5815134 | M13: =IF(AND(ISNUMBER(F13),ISNUMBER(G13)),IF(F13>0,(F13-G13)/F13*100,""),"") -> 44.514768 | N13: =IF(AND(ISNUMBER(E13),ISNUMBER(I13)),IF(E13>0,(E13-I13)/E13*100,""),"") -> 24.72119 | O13: =IF(ISNUMBER(F13),100-F13,"") -> 52.6 | P13: =IF(ISNUMBER(J13),100-J13,"") -> 83.2 | Q13: =COUNTIFS(Clean_Data!$B$2:$B$1141,$A13,Clean_Data!$H$2:$H$1141,$C13,Clean_Data!$I$2:$I$1141,"DTP3",Clean_Data!$S$2:$S$1141,1) -> 1
A14: Nigeria Demographic and Health Survey 2003 | B14: =INDEX(Clean_Data!$C$2:$C$1141,MATCH(A14,Clean_Data!$B$2:$B$1141,0)) -> DHS | C14: 2002 | D14: =INDEX(Clean_Data!$F$2:$F$1141,MATCH(A14,Clean_Data!$B$2:$B$1141,0)) -> 2003 | E14: =IFERROR(AVERAGEIFS(Clean_Data!$N$2:$N$1141,Clean_Data!$B$2:$B$1141,$A14,Clean_Data!$H$2:$H$1141,$C14,Clean_Data!$I$2:$I$1141,E$5,Clean_Data!$S$2:$S$1141,1),"") -> 48.3 | F14: =IFERROR(AVERAGEIFS(Clean_Data!$N$2:$N$1141,Clean_Data!$B$2:$B$1141,$A14,Clean_Data!$H$2:$H$1141,$C14,Clean_Data!$I$2:$I$1141,F$5,Clean_Data!$S$2:$S$1141,1),"") -> 42.6 | G14: =IFERROR(AVERAGEIFS(Clean_Data!$N$2:$N$1141,Clean_Data!$B$2:$B$1141,$A14,Clean_Data!$H$2:$H$1141,$C14,Clean_Data!$I$2:$I$1141,G$5,Clean_Data!$S$2:$S$1141,1),"") -> 21.4 | H14: =IFERROR(AVERAGEIFS(Clean_Data!$N$2:$N$1141,Clean_Data!$B$2:$B$1141,$A14,Clean_Data!$H$2:$H$1141,$C14,Clean_Data!$I$2:$I$1141,H$5,Clean_Data!$S$2:$S$1141,1),"") -> 29.4 | I14: =IFERROR(AVERAGEIFS(Clean_Data!$N$2:$N$1141,Clean_Data!$B$2:$B$1141,$A14,Clean_Data!$H$2:$H$1141,$C14,Clean_Data!$I$2:$I$1141,I$5,Clean_Data!$S$2:$S$1141,1),"") -> 35.9 | J14: =IFERROR(AVERAGEIFS(Clean_Data!$N$2:$N$1141,Clean_Data!$B$2:$B$1141,$A14,Clean_Data!$H$2:$H$1141,$C14,Clean_Data!$I$2:$I$1141,J$5,Clean_Data!$S$2:$S$1141,1),"") -> 12.9 | K14: =IFERROR(AVERAGEIFS(Clean_Data!$O$2:$O$1141,Clean_Data!$B$2:$B$1141,$A14,Clean_Data!$H$2:$H$1141,$C14,Clean_Data!$I$2:$I$1141,"DTP3",Clean_Data!$S$2:$S$1141,1),"") -> 999 | L14: =IF(AND(ISNUMBER(G14),ISNUMBER(K14)),1.96*SQRT((G14/100)*(1-G14/100)/(K14/$B$3))*100,"") -> 3.5967188 | M14: =IF(AND(ISNUMBER(F14),ISNUMBER(G14)),IF(F14>0,(F14-G14)/F14*100,""),"") -> 49.765258 | N14: =IF(AND(ISNUMBER(E14),ISNUMBER(I14)),IF(E14>0,(E14-I14)/E14*100,""),"") -> 25.672878 | O14: =IF(ISNUMBER(F14),100-F14,"") -> 57.4 | P14: =IF(ISNUMBER(J14),100-J14,"") -> 87.1 | Q14: =COUNTIFS(Clean_Data!$B$2:$B$1141,$A14,Clean_Data!$H$2:$H$1141,$C14,Clean_Data!$I$2:$I$1141,"DTP3",Clean_Data!$S$2:$S$1141,1) -> 1
A15: Nigeria National Immunization Coverage Survey 2003 | B15: =INDEX(Clean_Data!$C$2:$C$1141,MATCH(A15,Clean_Data!$B$2:$B$1141,0)) -> Coverage survey | C15: 2002 | D15: =INDEX(Clean_Data!$F$2:$F$1141,MATCH(A15,Clean_Data!$B$2:$B$1141,0)) -> 2003 | E15: =IFERROR(AVERAGEIFS(Clean_Data!$N$2:$N$1141,Clean_Data!$B$2:$B$1141,$A15,Clean_Data!$H$2:$H$1141,$C15,Clean_Data!$I$2:$I$1141,E$5,Clean_Data!$S$2:$S$1141,1),"") -> 29.3 | F15: =IFERROR(AVERAGEIFS(Clean_Data!$N$2:$N$1141,Clean_Data!$B$2:$B$1141,$A15,Clean_Data!$H$2:$H$1141,$C15,Clean_Data!$I$2:$I$1141,F$5,Clean_Data!$S$2:$S$1141,1),"") -> 43.2 | G15: =IFERROR(AVERAGEIFS(Clean_Data!$N$2:$N$1141,Clean_Data!$B$2:$B$1141,$A15,Clean_Data!$H$2:$H$1141,$C15,Clean_Data!$I$2:$I$1141,G$5,Clean_Data!$S$2:$S$1141,1),"") -> 24.8 | H15: =IFERROR(AVERAGEIFS(Clean_Data!$N$2:$N$1141,Clean_Data!$B$2:$B$1141,$A15,Clean_Data!$H$2:$H$1141,$C15,Clean_Data!$I$2:$I$1141,H$5,Clean_Data!$S$2:$S$1141,1),"") -> 38.6 | I15: =IFERROR(AVERAGEIFS(Clean_Data!$N$2:$N$1141,Clean_Data!$B$2:$B$1141,$A15,Clean_Data!$H$2:$H$1141,$C15,Clean_Data!$I$2:$I$1141,I$5,Clean_Data!$S$2:$S$1141,1),"") -> 25.3 | J15: =IFERROR(AVERAGEIFS(Clean_Data!$N$2:$N$1141,Clean_Data!$B$2:$B$1141,$A15,Clean_Data!$H$2:$H$1141,$C15,Clean_Data!$I$2:$I$1141,J$5,Clean_Data!$S$2:$S$1141,1),"") -> 16.2 | K15: =IFERROR(AVERAGEIFS(Clean_Data!$O$2:$O$1141,Clean_Data!$B$2:$B$1141,$A15,Clean_Data!$H$2:$H$1141,$C15,Clean_Data!$I$2:$I$1141,"DTP3",Clean_Data!$S$2:$S$1141,1),"") -> 40777 | L15: =IF(AND(ISNUMBER(G15),ISNUMBER(K15)),1.96*SQRT((G15/100)*(1-G15/100)/(K15/$B$3))*100,"") -> 0.59278635 | M15: =IF(AND(ISNUMBER(F15),ISNUMBER(G15)),IF(F15>0,(F15-G15)/F15*100,""),"") -> 42.592593 | N15: =IF(AND(ISNUMBER(E15),ISNUMBER(I15)),IF(E15>0,(E15-I15)/E15*100,""),"") -> 13.651877 | O15: =IF(ISNUMBER(F15),100-F15,"") -> 56.8 | P15: =IF(ISNUMBER(J15),100-J15,"") -> 83.8 | Q15: =COUNTIFS(Clean_Data!$B$2:$B$1141,$A15,Clean_Data!$H$2:$H$1141,$C15,Clean_Data!$I$2:$I$1141,"DTP3",Clean_Data!$S$2:$S$1141,1) -> 1
A16: Nigeria National Immunization Coverage Survey (2006) | B16: =INDEX(Clean_Data!$C$2:$C$1141,MATCH(A16,Clean_Data!$B$2:$B$1141,0)) -> Coverage survey | C16: 2005 | D16: =INDEX(Clean_Data!$F$2:$F$1141,MATCH(A16,Clean_Data!$B$2:$B$1141,0)) -> 2006 | E16: =IFERROR(AVERAGEIFS(Clean_Data!$N$2:$N$1141,Clean_Data!$B$2:$B$1141,$A16,Clean_Data!$H$2:$H$1141,$C16,Clean_Data!$I$2:$I$1141,E$5,Clean_Data!$S$2:$S$1141,1),"") -> 68.6 | F16: =IFERROR(AVERAGEIFS(Clean_Data!$N$2:$N$1141,Clean_Data!$B$2:$B$1141,$A16,Clean_Data!$H$2:$H$1141,$C16,Clean_Data!$I$2:$I$1141,F$5,Clean_Data!$S$2:$S$1141,1),"") -> 71.7 | G16: =IFERROR(AVERAGEIFS(Clean_Data!$N$2:$N$1141,Clean_Data!$B$2:$B$1141,$A16,Clean_Data!$H$2:$H$1141,$C16,Clean_Data!$I$2:$I$1141,G$5,Clean_Data!$S$2:$S$1141,1),"") -> 53.5 | H16: =IFERROR(AVERAGEIFS(Clean_Data!$N$2:$N$1141,Clean_Data!$B$2:$B$1141,$A16,Clean_Data!$H$2:$H$1141,$C16,Clean_Data!$I$2:$I$1141,H$5,Clean_Data!$S$2:$S$1141,1),"") -> 60.7 | I16: =IFERROR(AVERAGEIFS(Clean_Data!$N$2:$N$1141,Clean_Data!$B$2:$B$1141,$A16,Clean_Data!$H$2:$H$1141,$C16,Clean_Data!$I$2:$I$1141,I$5,Clean_Data!$S$2:$S$1141,1),"") -> 62.4 | J16: =IFERROR(AVERAGEIFS(Clean_Data!$N$2:$N$1141,Clean_Data!$B$2:$B$1141,$A16,Clean_Data!$H$2:$H$1141,$C16,Clean_Data!$I$2:$I$1141,J$5,Clean_Data!$S$2:$S$1141,1),"") -> 42.2 | K16: =IFERROR(AVERAGEIFS(Clean_Data!$O$2:$O$1141,Clean_Data!$B$2:$B$1141,$A16,Clean_Data!$H$2:$H$1141,$C16,Clean_Data!$I$2:$I$1141,"DTP3",Clean_Data!$S$2:$S$1141,1),"") -> 23414 | L16: =IF(AND(ISNUMBER(G16),ISNUMBER(K16)),1.96*SQRT((G16/100)*(1-G16/100)/(K16/$B$3))*100,"") -> 0.90351763 | M16: =IF(AND(ISNUMBER(F16),ISNUMBER(G16)),IF(F16>0,(F16-G16)/F16*100,""),"") -> 25.383543 | N16: =IF(AND(ISNUMBER(E16),ISNUMBER(I16)),IF(E16>0,(E16-I16)/E16*100,""),"") -> 9.0379009 | O16: =IF(ISNUMBER(F16),100-F16,"") -> 28.3 | P16: =IF(ISNUMBER(J16),100-J16,"") -> 57.8 | Q16: =COUNTIFS(Clean_Data!$B$2:$B$1141,$A16,Clean_Data!$H$2:$H$1141,$C16,Clean_Data!$I$2:$I$1141,"DTP3",Clean_Data!$S$2:$S$1141,1) -> 1
A17: Nigeria Multiple Indicator Cluster Survey 2007 | B17: =INDEX(Clean_Data!$C$2:$C$1141,MATCH(A17,Clean_Data!$B$2:$B$1141,0)) -> MICS | C17: 2006 | D17: =INDEX(Clean_Data!$F$2:$F$1141,MATCH(A17,Clean_Data!$B$2:$B$1141,0)) -> 2007 | E17: =IFERROR(AVERAGEIFS(Clean_Data!$N$2:$N$1141,Clean_Data!$B$2:$B$1141,$A17,Clean_Data!$H$2:$H$1141,$C17,Clean_Data!$I$2:$I$1141,E$5,Clean_Data!$S$2:$S$1141,1),"") -> 51.5 | F17: =IFERROR(AVERAGEIFS(Clean_Data!$N$2:$N$1141,Clean_Data!$B$2:$B$1141,$A17,Clean_Data!$H$2:$H$1141,$C17,Clean_Data!$I$2:$I$1141,F$5,Clean_Data!$S$2:$S$1141,1),"") -> 48.6 | G17: =IFERROR(AVERAGEIFS(Clean_Data!$N$2:$N$1141,Clean_Data!$B$2:$B$1141,$A17,Clean_Data!$H$2:$H$1141,$C17,Clean_Data!$I$2:$I$1141,G$5,Clean_Data!$S$2:$S$1141,1),"") -> 29.6 | H17: =IFERROR(AVERAGEIFS(Clean_Data!$N$2:$N$1141,Clean_Data!$B$2:$B$1141,$A17,Clean_Data!$H$2:$H$1141,$C17,Clean_Data!$I$2:$I$1141,H$5,Clean_Data!$S$2:$S$1141,1),"") -> 29.4 | I17: =IFERROR(AVERAGEIFS(Clean_Data!$N$2:$N$1141,Clean_Data!$B$2:$B$1141,$A17,Clean_Data!$H$2:$H$1141,$C17,Clean_Data!$I$2:$I$1141,I$5,Clean_Data!$S$2:$S$1141,1),"") -> 44 | J17: =IFERROR(AVERAGEIFS(Clean_Data!$N$2:$N$1141,Clean_Data!$B$2:$B$1141,$A17,Clean_Data!$H$2:$H$1141,$C17,Clean_Data!$I$2:$I$1141,J$5,Clean_Data!$S$2:$S$1141,1),"") -> 16.4 | K17: =IFERROR(AVERAGEIFS(Clean_Data!$O$2:$O$1141,Clean_Data!$B$2:$B$1141,$A17,Clean_Data!$H$2:$H$1141,$C17,Clean_Data!$I$2:$I$1141,"DTP3",Clean_Data!$S$2:$S$1141,1),"") -> 3187 | L17: =IF(AND(ISNUMBER(G17),ISNUMBER(K17)),1.96*SQRT((G17/100)*(1-G17/100)/(K17/$B$3))*100,"") -> 2.2413631 | M17: =IF(AND(ISNUMBER(F17),ISNUMBER(G17)),IF(F17>0,(F17-G17)/F17*100,""),"") -> 39.09465 | N17: =IF(AND(ISNUMBER(E17),ISNUMBER(I17)),IF(E17>0,(E17-I17)/E17*100,""),"") -> 14.563107 | O17: =IF(ISNUMBER(F17),100-F17,"") -> 51.4 | P17: =IF(ISNUMBER(J17),100-J17,"") -> 83.6 | Q17: =COUNTIFS(Clean_Data!$B$2:$B$1141,$A17,Clean_Data!$H$2:$H$1141,$C17,Clean_Data!$I$2:$I$1141,"DTP3",Clean_Data!$S$2:$S$1141,1) -> 1
... A28: Nigeria Demographic and Health Survey 2024 | B28: =INDEX(Clean_Data!$C$2:$C$1141,MATCH(A28,Clean_Data!$B$2:$B$1141,0)) -> DHS | C28: 2022 | D28: =INDEX(Clean_Data!$F$2:$F$1141,MATCH(A28,Clean_Data!$B$2:$B$1141,0)) -> 2024 | E28: =IFERROR(AVERAGEIFS(Clean_Data!$N$2:$N$1141,Clean_Data!$B$2:$B$1141,$A28,Clean_Data!$H$2:$H$1141,$C28,Clean_Data!$I$2:$I$1141,E$5,Clean_Data!$S$2:$S$1141,1),"") -> 66.7 | F28: =IFERROR(AVERAGEIFS(Clean_Data!$N$2:$N$1141,Clean_Data!$B$2:$B$1141,$A28,Clean_Data!$H$2:$H$1141,$C28,Clean_Data!$I$2:$I$1141,F$5,Clean_Data!$S$2:$S$1141,1),"") -> 62.9 | G28: =IFERROR(AVERAGEIFS(Clean_Data!$N$2:$N$1141,Clean_Data!$B$2:$B$1141,$A28,Clean_Data!$H$2:$H$1141,$C28,Clean_Data!$I$2:$I$1141,G$5,Clean_Data!$S$2:$S$1141,1),"") -> 53.4 | H28: =IFERROR(AVERAGEIFS(Clean_Data!$N$2:$N$1141,Clean_Data!$B$2:$B$1141,$A28,Clean_Data!$H$2:$H$1141,$C28,Clean_Data!$I$2:$I$1141,H$5,Clean_Data!$S$2:$S$1141,1),"") -> 45.6 | I28: =IFERROR(AVERAGEIFS(Clean_Data!$N$2:$N$1141,Clean_Data!$B$2:$B$1141,$A28,Clean_Data!$H$2:$H$1141,$C28,Clean_Data!$I$2:$I$1141,I$5,Clean_Data!$S$2:$S$1141,1),"") -> 51.4 | J28: =IFERROR(AVERAGEIFS(Clean_Data!$N$2:$N$1141,Clean_Data!$B$2:$B$1141,$A28,Clean_Data!$H$2:$H$1141,$C28,Clean_Data!$I$2:$I$1141,J$5,Clean_Data!$S$2:$S$1141,1),"") -> 39.4 | K28: =IFERROR(AVERAGEIFS(Clean_Data!$O$2:$O$1141,Clean_Data!$B$2:$B$1141,$A28,Clean_Data!$H$2:$H$1141,$C28,Clean_Data!$I$2:$I$1141,"DTP3",Clean_Data!$S$2:$S$1141,1),"") -> 5121 | L28: =IF(AND(ISNUMBER(G28),ISNUMBER(K28)),1.96*SQRT((G28/100)*(1-G28/100)/(K28/$B$3))*100,"") -> 1.9322231 | M28: =IF(AND(ISNUMBER(F28),ISNUMBER(G28)),IF(F28>0,(F28-G28)/F28*100,""),"") -> 15.103339 | N28: =IF(AND(ISNUMBER(E28),ISNUMBER(I28)),IF(E28>0,(E28-I28)/E28*100,""),"") -> 22.938531 | O28: =IF(ISNUMBER(F28),100-F28,"") -> 37.1 | P28: =IF(ISNUMBER(J28),100-J28,"") -> 60.6 | Q28: =COUNTIFS(Clean_Data!$B$2:$B$1141,$A28,Clean_Data!$H$2:$H$1141,$C28,Clean_Data!$I$2:$I$1141,"DTP3",Clean_Data!$S$2:$S$1141,1) -> 1
A30: Rows with more than one DTP3 value (must be 0) | E30: =COUNTIF(Q6:Q28,">1") -> 0
A32: Definitions: DTP dropout % = (DTP1 - DTP3) / DTP1 x 100 (children who started but did not finish the series).
A33: BCG-to-MCV1 dropout % = (BCG - MCV1) / BCG x 100 (children reached at birth but not with measles).
A34: Zero-dose proxy % = 100 - DTP1 (children with no DTP dose by the survey date, the usual marker of children missed by services).
A35: Not fully vaccinated % = 100 - FULL. 'FULL' is each survey's own definition of full basic vaccination and may differ across surveys.
A36: Margin of error = 1.96 x sqrt(p(1-p)/(n/design effect)); an approximation only. Blank where sample size is missing (older surveys).

Sheet Trend_Data
A1: Chart feeder tables (values are formulas that point to the Coverage sheet)
A2: Rows are grouped by survey family so each family plots as its own series. Only surveys with a value for that indicator are listed.
A3: Metric | B3: Family | C3: Survey | D3: Cohort_Year | E3: Value_%
A4: DTP3 | B4: DHS | C4: =Coverage!A10 -> Nigeria Demographic and Health Survey 1990, 1992 | D4: =Coverage!C10 -> 1989 | E4: =Coverage!G10 -> 33.3
A5: DTP3 | B5: DHS | C5: =Coverage!A13 -> Nigeria Demographic and Health Survey 1999, 2000 | D5: =Coverage!C13 -> 1998 | E5: =Coverage!G13 -> 26.3
A6: DTP3 | B6: DHS | C6: =Coverage!A14 -> Nigeria Demographic and Health Survey 2003 | D6: =Coverage!C14 -> 2002 | E6: =Coverage!G14 -> 21.4
A7: DTP3 | B7: DHS | C7: =Coverage!A18 -> Nigeria Demographic and Health Survey 2008 | D7: =Coverage!C18 -> 2007 | E7: =Coverage!G18 -> 35.4
A8: DTP3 | B8: DHS | C8: =Coverage!A21 -> Nigeria Demographic and Health Survey 2013 | D8: =Coverage!C21 -> 2012 | E8: =Coverage!G21 -> 38.2
A9: DTP3 | B9: DHS | C9: =Coverage!A26 -> Nigeria Demographic and Health Survey 2018 | D9: =Coverage!C26 -> 2017 | E9: =Coverage!G26 -> 50.1
A10: DTP3 | B10: DHS | C10: =Coverage!A28 -> Nigeria Demographic and Health Survey 2024 | D10: =Coverage!C28 -> 2022 | E10: =Coverage!G28 -> 53.4
A11: DTP3 | B11: MICS | C11: =Coverage!A11 -> FR of Nigeria Multiple Indicator Cluster Survey 1995 | D11: =Coverage!C11 -> 1994 | E11: =Coverage!G11 -> 27.5
A12: DTP3 | B12: MICS | C12: =Coverage!A12 -> MICS Nigeria, 1999 | D12: =Coverage!C12 -> 1998 | E12: =Coverage!G12 -> 23.4
A13: DTP3 | B13: MICS | C13: =Coverage!A17 -> Nigeria Multiple Indicator Cluster Survey 2007 | D13: =Coverage!C17 -> 2006 | E13: =Coverage!G17 -> 29.6
A14: DTP3 | B14: MICS | C14: =Coverage!A20 -> Nigeria Multiple Indicator Cluster Survey 2011 | D14: =Coverage!C20 -> 2010 | E14: =Coverage!G20 -> 44.7
A15: DTP3 | B15: MICS | C15: =Coverage!A24 -> Nigeria Multiple Indicator Cluster Survey 2016-2017 | D15: =Coverage!C24 -> 2015 | E15: =Coverage!G24 -> 34.4
A16: DTP3 | B16: MICS | C16: =Coverage!A27 -> Nigeria Multiple Indicator Cluster Survey 2021 | D16: =Coverage!C27 -> 2020 | E16: =Coverage!G27 -> 56.6
A17: DTP3 | B17: Coverage survey | C17: =Coverage!A9 -> EPI, Immunization Coverage Survey, 1988 | D17: =Coverage!C9 -> 1987 | E17: =Coverage!G9 -> 57.8
A18: DTP3 | B18: Coverage survey | C18: =Coverage!A15 -> Nigeria National Immunization Coverage Survey 2003 | D18: =Coverage!C15 -> 2002 | E18: =Coverage!G15 -> 24.8
A19: DTP3 | B19: Coverage survey | C19: =Coverage!A16 -> Nigeria National Immunization Coverage Survey (2006) | D19: =Coverage!C16 -> 2005 | E19: =Coverage!G16 -> 53.5
A20: DTP3 | B20: Coverage survey | C20: =Coverage!A19 -> Nigeria 2010 National Immunization Coverage Survey | D20: =Coverage!C19 -> 2009 | E20: =Coverage!G19 -> 67.7
A21: DTP3 | B21: Nutrition survey | C21: =Coverage!A22 -> Summary Findings of Cross-Sectional Health and Nutrition Survey, Nigeria 2013 | D21: =Coverage!C22 -> 2012 | E21: =Coverage!G22 -> 25
A22: DTP3 | B22: Nutrition survey | C22: =Coverage!A23 -> Nigeria National Nutrition and Health Survey, 2015 | D22: =Coverage!C23 -> 2014 | E22: =Coverage!G23 -> 48.8
A23: DTP3 | B23: Nutrition survey | C23: =Coverage!A25 -> Nigeria National Nutrition and Health Survey (NNHS) 2018 | D23: =Coverage!C25 -> 2016 | E23: =Coverage!G25 -> 57.2
A24: DTP3 | B24: Other | C24: =Coverage!A6 -> Status report on revised EPI programme from 1985 to 1989 | D24: =Coverage!C6 -> 1984 | E24: =Coverage!G6 -> 8.9
A25: DTP3 | B25: Other | C25: =Coverage!A7 -> Status report on revised EPI programme from 1985 to 1989 | D25: =Coverage!C7 -> 1985 | E25: =Coverage!G7 -> 15.9
A26: DTP3 | B26: Other | C26: =Coverage!A8 -> Status report on revised EPI programme from 1985 to 1989 | D26: =Coverage!C8 -> 1986 | E26: =Coverage!G8 -> 21.5
A27: MCV1 | B27: DHS | C27: =Coverage!A10 -> Nigeria Demographic and Health Survey 1990, 1992 | D27: =Coverage!C10 -> 1989 | E27: =Coverage!I10 -> 46
A28: MCV1 | B28: DHS | C28: =Coverage!A13 -> Nigeria Demographic and Health Survey 1999, 2000 | D28: =Coverage!C13 -> 1998 | E28: =Coverage!I13 -> 40.5
A29: MCV1 | B29: DHS | C29: =Coverage!A14 -> Nigeria Demographic and Health Survey 2003 | D29: =Coverage!C14 -> 2002 | E29: =Coverage!I14 -> 35.9
A30: MCV1 | B30: DHS | C30: =Coverage!A18 -> Nigeria Demographic and Health Survey 2008 | D30: =Coverage!C18 -> 2007 | E30: =Coverage!I18 -> 41.4
A31: MCV1 | B31: DHS | C31: =Coverage!A21 -> Nigeria Demographic and Health Survey 2013 | D31: =Coverage!C21 -> 2012 | E31: =Coverage!I21 -> 42.1
A32: MCV1 | B32: DHS | C32: =Coverage!A26 -> Nigeria Demographic and Health Survey 2018 | D32: =Coverage!C26 -> 2017 | E32: =Coverage!I26 -> 54
A33: MCV1 | B33: DHS | C33: =Coverage!A28 -> Nigeria Demographic and Health Survey 2024 | D33: =Coverage!C28 -> 2022 | E33: =Coverage!I28 -> 51.4
A34: MCV1 | B34: MICS | C34: =Coverage!A11 -> FR of Nigeria Multiple Indicator Cluster Survey 1995 | D34: =Coverage!C11 -> 1994 | E34: =Coverage!I11 -> 39.9
A35: MCV1 | B35: MICS | C35: =Coverage!A12 -> MICS Nigeria, 1999 | D35: =Coverage!C12 -> 1998 | E35: =Coverage!I12 -> 35
A36: MCV1 | B36: MICS | C36: =Coverage!A17 -> Nigeria Multiple Indicator Cluster Survey 2007 | D36: =Coverage!C17 -> 2006 | E36: =Coverage!I17 -> 44
A37: MCV1 | B37: MICS | C37: =Coverage!A20 -> Nigeria Multiple Indicator Cluster Survey 2011 | D37: =Coverage!C20 -> 2010 | E37: =Coverage!I20 -> 55.6
A38: MCV1 | B38: MICS | C38: =Coverage!A24 -> Nigeria Multiple Indicator Cluster Survey 2016-2017 | D38: =Coverage!C24 -> 2015 | E38: =Coverage!I24 -> 41.8
A39: MCV1 | B39: MICS | C39: =Coverage!A27 -> Nigeria Multiple Indicator Cluster Survey 2021 | D39: =Coverage!C27 -> 2020 | E39: =Coverage!I27 -> 60.3
A40: MCV1 | B40: Coverage survey | C40: =Coverage!A9 -> EPI, Immunization Coverage Survey, 1988 | D40: =Coverage!C9 -> 1987 | E40: =Coverage!I9 -> 59.2
A41: MCV1 | B41: Coverage survey | C41: =Coverage!A15 -> Nigeria National Immunization Coverage Survey 2003 | D41: =Coverage!C15 -> 2002 | E41: =Coverage!I15 -> 25.3
A42: MCV1 | B42: Coverage survey | C42: =Coverage!A16 -> Nigeria National Immunization Coverage Survey (2006) | D42: =Coverage!C16 -> 2005 | E42: =Coverage!I16 -> 62.4
A43: MCV1 | B43: Coverage survey | C43: =Coverage!A19 -> Nigeria 2010 National Immunization Coverage Survey | D43: =Coverage!C19 -> 2009 | E43: =Coverage!I19 -> 63.6
A44: MCV1 | B44: Nutrition survey | C44: =Coverage!A22 -> Summary Findings of Cross-Sectional Health and Nutrition Survey, Nigeria 2013 | D44: =Coverage!C22 -> 2012 | E44: =Coverage!I22 -> 26.9
A45: MCV1 | B45: Nutrition survey | C45: =Coverage!A23 -> Nigeria National Nutrition and Health Survey, 2015 | D45: =Coverage!C23 -> 2014 | E45: =Coverage!I23 -> 50.6
A46: MCV1 | B46: Nutrition survey | C46: =Coverage!A25 -> Nigeria National Nutrition and Health Survey (NNHS) 2018 | D46: =Coverage!C25 -> 2016 | E46: =Coverage!I25 -> 64.7
A47: MCV1 | B47: Other | C47: =Coverage!A6 -> Status report on revised EPI programme from 1985 to 1989 | D47: =Coverage!C6 -> 1984 | E47: =Coverage!I6 -> 9.1
A48: MCV1 | B48: Other | C48: =Coverage!A7 -> Status report on revised EPI programme from 1985 to 1989 | D48: =Coverage!C7 -> 1985 | E48: =Coverage!I7 -> 17.2
A49: MCV1 | B49: Other | C49: =Coverage!A8 -> Status report on revised EPI programme from 1985 to 1989 | D49: =Coverage!C8 -> 1986 | E49: =Coverage!I8 -> 28
A50: FULL | B50: DHS | C50: =Coverage!A10 -> Nigeria Demographic and Health Survey 1990, 1992 | D50: =Coverage!C10 -> 1989 | E50: =Coverage!J10 -> 29.6
A51: FULL | B51: DHS | C51: =Coverage!A13 -> Nigeria Demographic and Health Survey 1999, 2000 | D51: =Coverage!C13 -> 1998 | E51: =Coverage!J13 -> 16.8
A52: FULL | B52: DHS | C52: =Coverage!A14 -> Nigeria Demographic and Health Survey 2003 | D52: =Coverage!C14 -> 2002 | E52: =Coverage!J14 -> 12.9
A53: FULL | B53: DHS | C53: =Coverage!A18 -> Nigeria Demographic and Health Survey 2008 | D53: =Coverage!C18 -> 2007 | E53: =Coverage!J18 -> 22.7
A54: FULL | B54: DHS | C54: =Coverage!A21 -> Nigeria Demographic and Health Survey 2013 | D54: =Coverage!C21 -> 2012 | E54: =Coverage!J21 -> 25.3
A55: FULL | B55: DHS | C55: =Coverage!A26 -> Nigeria Demographic and Health Survey 2018 | D55: =Coverage!C26 -> 2017 | E55: =Coverage!J26 -> 31.3
A56: FULL | B56: DHS | C56: =Coverage!A28 -> Nigeria Demographic and Health Survey 2024 | D56: =Coverage!C28 -> 2022 | E56: =Coverage!J28 -> 39.4
A57: FULL | B57: MICS | C57: =Coverage!A11 -> FR of Nigeria Multiple Indicator Cluster Survey 1995 | D57: =Coverage!C11 -> 1994 | E57: =Coverage!J11 -> 22
A58: FULL | B58: MICS | C58: =Coverage!A12 -> MICS Nigeria, 1999 | D58: =Coverage!C12 -> 1998 | E58: =Coverage!J12 -> 13.3
A59: FULL | B59: MICS | C59: =Coverage!A17 -> Nigeria Multiple Indicator Cluster Survey 2007 | D59: =Coverage!C17 -> 2006 | E59: =Coverage!J17 -> 16.4
A60: FULL | B60: MICS | C60: =Coverage!A20 -> Nigeria Multiple Indicator Cluster Survey 2011 | D60: =Coverage!C20 -> 2010 | E60: =Coverage!J20 -> 27.6
A61: FULL | B61: MICS | C61: =Coverage!A24 -> Nigeria Multiple Indicator Cluster Survey 2016-2017 | D61: =Coverage!C24 -> 2015 | E61: =Coverage!J24 -> 21
A62: FULL | B62: MICS | C62: =Coverage!A27 -> Nigeria Multiple Indicator Cluster Survey 2021 | D62: =Coverage!C27 -> 2020 | E62: =Coverage!J27 -> 44.2
A63: FULL | B63: Coverage survey | C63: =Coverage!A9 -> EPI, Immunization Coverage Survey, 1988 | D63: =Coverage!C9 -> 1987 | E63: =Coverage!J9 -> 37.5
A64: FULL | B64: Coverage survey | C64: =Coverage!A15 -> Nigeria National Immunization Coverage Survey 2003 | D64: =Coverage!C15 -> 2002 | E64: =Coverage!J15 -> 16.2
A65: FULL | B65: Coverage survey | C65: =Coverage!A16 -> Nigeria National Immunization Coverage Survey (2006) | D65: =Coverage!C16 -> 2005 | E65: =Coverage!J16 -> 42.2
A66: Zero-dose proxy | B66: DHS | C66: =Coverage!A10 -> Nigeria Demographic and Health Survey 1990, 1992 | D66: =Coverage!C10 -> 1989 | E66: =Coverage!O10 -> 40.8
A67: Zero-dose proxy | B67: DHS | C67: =Coverage!A13 -> Nigeria Demographic and Health Survey 1999, 2000 | D67: =Coverage!C13 -> 1998 | E67: =Coverage!O13 -> 52.6
A68: Zero-dose proxy | B68: DHS | C68: =Coverage!A14 -> Nigeria Demographic and Health Survey 2003 | D68: =Coverage!C14 -> 2002 | E68: =Coverage!O14 -> 57.4
A69: Zero-dose proxy | B69: DHS | C69: =Coverage!A18 -> Nigeria Demographic and Health Survey 2008 | D69: =Coverage!C18 -> 2007 | E69: =Coverage!O18 -> 48
A70: Zero-dose proxy | B70: DHS | C70: =Coverage!A21 -> Nigeria Demographic and Health Survey 2013 | D70: =Coverage!C21 -> 2012 | E70: =Coverage!O21 -> 49.4
A71: Zero-dose proxy | B71: DHS | C71: =Coverage!A26 -> Nigeria Demographic and Health Survey 2018 | D71: =Coverage!C26 -> 2017 | E71: =Coverage!O26 -> 34.7
A72: Zero-dose proxy | B72: DHS | C72: =Coverage!A28 -> Nigeria Demographic and Health Survey 2024 | D72: =Coverage!C28 -> 2022 | E72: =Coverage!O28 -> 37.1
A73: Zero-dose proxy | B73: MICS | C73: =Coverage!A12 -> MICS Nigeria, 1999 | D73: =Coverage!C12 -> 1998 | E73: =Coverage!O12 -> 58.9
A74: Zero-dose proxy | B74: MICS | C74: =Coverage!A17 -> Nigeria Multiple Indicator Cluster Survey 2007 | D74: =Coverage!C17 -> 2006 | E74: =Coverage!O17 -> 51.4
A75: Zero-dose proxy | B75: MICS | C75: =Coverage!A20 -> Nigeria Multiple Indicator Cluster Survey 2011 | D75: =Coverage!C20 -> 2010 | E75: =Coverage!O20 -> 39.6
A76: Zero-dose proxy | B76: MICS | C76: =Coverage!A24 -> Nigeria Multiple Indicator Cluster Survey 2016-2017 | D76: =Coverage!C24 -> 2015 | E76: =Coverage!O24 -> 50.7
A77: Zero-dose proxy | B77: MICS | C77: =Coverage!A27 -> Nigeria Multiple Indicator Cluster Survey 2021 | D77: =Coverage!C27 -> 2020 | E77: =Coverage!O27 -> 29.7
A78: Zero-dose proxy | B78: Coverage survey | C78: =Coverage!A15 -> Nigeria National Immunization Coverage Survey 2003 | D78: =Coverage!C15 -> 2002 | E78: =Coverage!O15 -> 56.8
A79: Zero-dose proxy | B79: Coverage survey | C79: =Coverage!A16 -> Nigeria National Immunization Coverage Survey (2006) | D79: =Coverage!C16 -> 2005 | E79: =Coverage!O16 -> 28.3
A80: Zero-dose proxy | B80: Coverage survey | C80: =Coverage!A19 -> Nigeria 2010 National Immunization Coverage Survey | D80: =Coverage!C19 -> 2009 | E80: =Coverage!O19 -> 26.6
A81: Zero-dose proxy | B81: Nutrition survey | C81: =Coverage!A22 -> Summary Findings of Cross-Sectional Health and Nutrition Survey, Nigeria 2013 | D81: =Coverage!C22 -> 2012 | E81: =Coverage!O22 -> 66.3
A82: Zero-dose proxy | B82: Nutrition survey | C82: =Coverage!A23 -> Nigeria National Nutrition and Health Survey, 2015 | D82: =Coverage!C23 -> 2014 | E82: =Coverage!O23 -> 36.5
A83: Zero-dose proxy | B83: Nutrition survey | C83: =Coverage!A25 -> Nigeria National Nutrition and Health Survey (NNHS) 2018 | D83: =Coverage!C25 -> 2016 | E83: =Coverage!O25 -> 30.1

Sheet Summary
A1: Steps 5-6 - Comparing years and survey families: summary tables and charts
A2: Locations available in this file are countries only (no states, wealth or residence groups). Within-Nigeria comparison needs the DHS/MICS subnational tables or microdata.
A4: Reference cohort years (formulas)
A5: First DHS cohort year | B5: =_xlfn.MINIFS(Coverage!$C$6:$C$28,Coverage!$B$6:$B$28,"DHS") -> 1989
A6: Latest DHS cohort year | B6: =_xlfn.MAXIFS(Coverage!$C$6:$C$28,Coverage!$B$6:$B$28,"DHS") -> 2022
A7: Previous DHS cohort year | B7: =_xlfn.MAXIFS(Coverage!$C$6:$C$28,Coverage!$B$6:$B$28,"DHS",Coverage!$C$6:$C$28,"<"&B6) -> 2017
A8: Latest MICS cohort year | B8: =_xlfn.MAXIFS(Coverage!$C$6:$C$28,Coverage!$B$6:$B$28,"MICS") -> 2020
A10: Table 1 - Coverage % by vaccine: first vs latest DHS, and latest MICS
A11: Vaccine | B11: First DHS | C11: Latest DHS | D11: Change (pp) | E11: Latest MICS
A12: BCG | B12: =IFERROR(AVERAGEIFS(INDEX(Coverage!$E$6:$J$28,0,MATCH($A12,Coverage!$E$5:$J$5,0)),Coverage!$B$6:$B$28,"DHS",Coverage!$C$6:$C$28,$B$5),"") -> 60.7 | C12: =IFERROR(AVERAGEIFS(INDEX(Coverage!$E$6:$J$28,0,MATCH($A12,Coverage!$E$5:$J$5,0)),Coverage!$B$6:$B$28,"DHS",Coverage!$C$6:$C$28,$B$6),"") -> 66.7 | D12: =IF(AND(ISNUMBER(B12),ISNUMBER(C12)),C12-B12,"") -> 6 | E12: =IFERROR(AVERAGEIFS(INDEX(Coverage!$E$6:$J$28,0,MATCH($A12,Coverage!$E$5:$J$5,0)),Coverage!$B$6:$B$28,"MICS",Coverage!$C$6:$C$28,$B$8),"") -> 74.1
A13: DTP1 | B13: =IFERROR(AVERAGEIFS(INDEX(Coverage!$E$6:$J$28,0,MATCH($A13,Coverage!$E$5:$J$5,0)),Coverage!$B$6:$B$28,"DHS",Coverage!$C$6:$C$28,$B$5),"") -> 59.2 | C13: =IFERROR(AVERAGEIFS(INDEX(Coverage!$E$6:$J$28,0,MATCH($A13,Coverage!$E$5:$J$5,0)),Coverage!$B$6:$B$28,"DHS",Coverage!$C$6:$C$28,$B$6),"") -> 62.9 | D13: =IF(AND(ISNUMBER(B13),ISNUMBER(C13)),C13-B13,"") -> 3.7 | E13: =IFERROR(AVERAGEIFS(INDEX(Coverage!$E$6:$J$28,0,MATCH($A13,Coverage!$E$5:$J$5,0)),Coverage!$B$6:$B$28,"MICS",Coverage!$C$6:$C$28,$B$8),"") -> 70.3
A14: DTP3 | B14: =IFERROR(AVERAGEIFS(INDEX(Coverage!$E$6:$J$28,0,MATCH($A14,Coverage!$E$5:$J$5,0)),Coverage!$B$6:$B$28,"DHS",Coverage!$C$6:$C$28,$B$5),"") -> 33.3 | C14: =IFERROR(AVERAGEIFS(INDEX(Coverage!$E$6:$J$28,0,MATCH($A14,Coverage!$E$5:$J$5,0)),Coverage!$B$6:$B$28,"DHS",Coverage!$C$6:$C$28,$B$6),"") -> 53.4 | D14: =IF(AND(ISNUMBER(B14),ISNUMBER(C14)),C14-B14,"") -> 20.1 | E14: =IFERROR(AVERAGEIFS(INDEX(Coverage!$E$6:$J$28,0,MATCH($A14,Coverage!$E$5:$J$5,0)),Coverage!$B$6:$B$28,"MICS",Coverage!$C$6:$C$28,$B$8),"") -> 56.6
A15: POL3 | B15: =IFERROR(AVERAGEIFS(INDEX(Coverage!$E$6:$J$28,0,MATCH($A15,Coverage!$E$5:$J$5,0)),Coverage!$B$6:$B$28,"DHS",Coverage!$C$6:$C$28,$B$5),"") -> 33.4 | C15: =IFERROR(AVERAGEIFS(INDEX(Coverage!$E$6:$J$28,0,MATCH($A15,Coverage!$E$5:$J$5,0)),Coverage!$B$6:$B$28,"DHS",Coverage!$C$6:$C$28,$B$6),"") -> 45.6 | D15: =IF(AND(ISNUMBER(B15),ISNUMBER(C15)),C15-B15,"") -> 12.2 | E15: =IFERROR(AVERAGEIFS(INDEX(Coverage!$E$6:$J$28,0,MATCH($A15,Coverage!$E$5:$J$5,0)),Coverage!$B$6:$B$28,"MICS",Coverage!$C$6:$C$28,$B$8),"") -> 56.2
A16: MCV1 | B16: =IFERROR(AVERAGEIFS(INDEX(Coverage!$E$6:$J$28,0,MATCH($A16,Coverage!$E$5:$J$5,0)),Coverage!$B$6:$B$28,"DHS",Coverage!$C$6:$C$28,$B$5),"") -> 46 | C16: =IFERROR(AVERAGEIFS(INDEX(Coverage!$E$6:$J$28,0,MATCH($A16,Coverage!$E$5:$J$5,0)),Coverage!$B$6:$B$28,"DHS",Coverage!$C$6:$C$28,$B$6),"") -> 51.4 | D16: =IF(AND(ISNUMBER(B16),ISNUMBER(C16)),C16-B16,"") -> 5.4 | E16: =IFERROR(AVERAGEIFS(INDEX(Coverage!$E$6:$J$28,0,MATCH($A16,Coverage!$E$5:$J$5,0)),Coverage!$B$6:$B$28,"MICS",Coverage!$C$6:$C$28,$B$8),"") -> 60.3
A17: FULL | B17: =IFERROR(AVERAGEIFS(INDEX(Coverage!$E$6:$J$28,0,MATCH($A17,Coverage!$E$5:$J$5,0)),Coverage!$B$6:$B$28,"DHS",Coverage!$C$6:$C$28,$B$5),"") -> 29.6 | C17: =IFERROR(AVERAGEIFS(INDEX(Coverage!$E$6:$J$28,0,MATCH($A17,Coverage!$E$5:$J$5,0)),Coverage!$B$6:$B$28,"DHS",Coverage!$C$6:$C$28,$B$6),"") -> 39.4 | D17: =IF(AND(ISNUMBER(B17),ISNUMBER(C17)),C17-B17,"") -> 9.8 | E17: =IFERROR(AVERAGEIFS(INDEX(Coverage!$E$6:$J$28,0,MATCH($A17,Coverage!$E$5:$J$5,0)),Coverage!$B$6:$B$28,"MICS",Coverage!$C$6:$C$28,$B$8),"") -> 44.2
A19: Table 2 - Average yearly change in coverage within each survey family (slope, percentage points per cohort year)
A20: Indicator | B20: DHS | C20: MICS
A21: DTP3 | B21: =SLOPE(Trend_Data!$E$4:$E$10,Trend_Data!$D$4:$D$10) -> 0.8001283 | C21: =SLOPE(Trend_Data!$E$11:$E$16,Trend_Data!$D$11:$D$16) -> 1.0376057
A22: MCV1 | B22: =SLOPE(Trend_Data!$E$27:$E$33,Trend_Data!$D$27:$D$33) -> 0.30592009 | C22: =SLOPE(Trend_Data!$E$34:$E$39,Trend_Data!$D$34:$D$39) -> 0.73310788
A23: FULL | B23: =SLOPE(Trend_Data!$E$50:$E$56,Trend_Data!$D$50:$D$56) -> 0.42705279 | C23: =SLOPE(Trend_Data!$E$57:$E$62,Trend_Data!$D$57:$D$62) -> 0.76946229
A24: Slopes use few survey points (see counts in Trend_Data); read as a rough direction, not a forecast.
A26: Table 3 - Latest two DHS rounds: is the change larger than sampling noise? (DTP3)
A27: Measure | B27: Previous DHS | C27: Latest DHS | D27: Change (pp)
A28: Cohort year | B28: =B7 -> 2017 | C28: =B6 -> 2022
A29: DTP1 % | B29: =IFERROR(AVERAGEIFS(Coverage!$F$6:$F$28,Coverage!$B$6:$B$28,"DHS",Coverage!$C$6:$C$28,$B$7),"") -> 65.3 | C29: =IFERROR(AVERAGEIFS(Coverage!$F$6:$F$28,Coverage!$B$6:$B$28,"DHS",Coverage!$C$6:$C$28,$B$6),"") -> 62.9 | D29: =IF(AND(ISNUMBER(B29),ISNUMBER(C29)),C29-B29,"") -> -2.4
A30: DTP3 % | B30: =IFERROR(AVERAGEIFS(Coverage!$G$6:$G$28,Coverage!$B$6:$B$28,"DHS",Coverage!$C$6:$C$28,$B$7),"") -> 50.1 | C30: =IFERROR(AVERAGEIFS(Coverage!$G$6:$G$28,Coverage!$B$6:$B$28,"DHS",Coverage!$C$6:$C$28,$B$6),"") -> 53.4 | D30: =IF(AND(ISNUMBER(B30),ISNUMBER(C30)),C30-B30,"") -> 3.3
A31: FULL % | B31: =IFERROR(AVERAGEIFS(Coverage!$J$6:$J$28,Coverage!$B$6:$B$28,"DHS",Coverage!$C$6:$C$28,$B$7),"") -> 31.3 | C31: =IFERROR(AVERAGEIFS(Coverage!$J$6:$J$28,Coverage!$B$6:$B$28,"DHS",Coverage!$C$6:$C$28,$B$6),"") -> 39.4 | D31: =IF(AND(ISNUMBER(B31),ISNUMBER(C31)),C31-B31,"") -> 8.1
A32: Zero-dose proxy % | B32: =IFERROR(AVERAGEIFS(Coverage!$O$6:$O$28,Coverage!$B$6:$B$28,"DHS",Coverage!$C$6:$C$28,$B$7),"") -> 34.7 | C32: =IFERROR(AVERAGEIFS(Coverage!$O$6:$O$28,Coverage!$B$6:$B$28,"DHS",Coverage!$C$6:$C$28,$B$6),"") -> 37.1 | D32: =IF(AND(ISNUMBER(B32),ISNUMBER(C32)),C32-B32,"") -> 2.4
A33: DTP dropout % | B33: =IFERROR(AVERAGEIFS(Coverage!$M$6:$M$28,Coverage!$B$6:$B$28,"DHS",Coverage!$C$6:$C$28,$B$7),"") -> 23.277182 | C33: =IFERROR(AVERAGEIFS(Coverage!$M$6:$M$28,Coverage!$B$6:$B$28,"DHS",Coverage!$C$6:$C$28,$B$6),"") -> 15.103339 | D33: =IF(AND(ISNUMBER(B33),ISNUMBER(C33)),C33-B33,"") -> -8.1738436
A34: DTP3 margin of error (pp) | B34: =IFERROR(AVERAGEIFS(Coverage!$L$6:$L$28,Coverage!$B$6:$B$28,"DHS",Coverage!$C$6:$C$28,$B$7),"") -> 1.7682756 | C34: =IFERROR(AVERAGEIFS(Coverage!$L$6:$L$28,Coverage!$B$6:$B$28,"DHS",Coverage!$C$6:$C$28,$B$6),"") -> 1.9322231 | D34: =IF(AND(ISNUMBER(B34),ISNUMBER(C34)),C34-B34,"") -> 0.16394752
A35: Approx. 95% margin on the DTP3 difference (pp) | D35: =IF(AND(ISNUMBER(B34),ISNUMBER(C34)),SQRT(B34^2+C34^2),"") -> 2.6192145
A36: Reading | D36: =IF(D35="","n/a",IF(ABS(D30)>1.5*D35,"Clearly larger than assumed sampling noise",IF(ABS(D30)>D35,"Only modestly larger than assumed sampling noise: treat as suggestive","Within assumed sampling noise: do not claim a real change"))) -> Only modestly larger than assumed sampling noise: treat as suggestive
A38: Table 4 - Do survey families agree? DTP3 in neighbouring cohort years
A39: Pair | B39: Coverage survey DTP3 | C39: DHS/MICS DTP3 | D39: Gap (pp)
A40: 2005 coverage survey vs MICS 2007 (cohort 2006) | B40: =IFERROR(INDEX(Coverage!$G$6:$G$28,MATCH(1,INDEX((Coverage!$A$6:$A$28="Nigeria National Immunization Coverage Survey (2006)")*(Coverage!$C$6:$C$28=2005),0),0)),"") -> 53.5 | C40: =IFERROR(INDEX(Coverage!$G$6:$G$28,MATCH(1,INDEX((Coverage!$A$6:$A$28="Nigeria Multiple Indicator Cluster Survey 2007")*(Coverage!$C$6:$C$28=2006),0),0)),"") -> 29.6 | D40: =IF(AND(ISNUMBER(B40),ISNUMBER(C40)),B40-C40,"") -> 23.9
A41: 2009 coverage survey vs MICS 2011 (cohort 2010) | B41: =IFERROR(INDEX(Coverage!$G$6:$G$28,MATCH(1,INDEX((Coverage!$A$6:$A$28="Nigeria 2010 National Immunization Coverage Survey")*(Coverage!$C$6:$C$28=2009),0),0)),"") -> 67.7 | C41: =IFERROR(INDEX(Coverage!$G$6:$G$28,MATCH(1,INDEX((Coverage!$A$6:$A$28="Nigeria Multiple Indicator Cluster Survey 2011")*(Coverage!$C$6:$C$28=2010),0),0)),"") -> 44.7 | D41: =IF(AND(ISNUMBER(B41),ISNUMBER(C41)),B41-C41,"") -> 23
A42: Large gaps mean the survey families measure coverage differently. Report them separately, never as one continuous line.

Sheet Raw_Neighbours
A1: ISO3 | B1: surveyNameEnglish | C1: surveyNameProduction | D1: cohortYear | E1: vaccine | F1: evidence | G1: ageInterview | H1: coverage | I1: Survey (clean) | J1: Family | K1: Standard_Comparable | L1: DHS_or_MICS
A2: BEN | B2: EPI Evaluation of Immunisation Coverage and Social Mobilisation, 1991 | C2: Evaluation de la couverture vaccinale et de la mobilisation sociale du programme élargi de vaccination 1991, in: Enfants et femmes, avenir du Bénin | D2: 1990 | E2: BCG | F2: Record or Recall | G2: 12-18 m | H2: 94 | I2: =IF(B2="",TRIM(C2),TRIM(B2)) -> EPI Evaluation of Immunisation Coverage and Social Mobilisation, 1991 | J2: =IF(ISNUMBER(SEARCH("Demographic and Health",I2)),"DHS",IF(OR(ISNUMBER(SEARCH("Multiple Indicator Cluster",I2)),ISNUMBER(SEARCH("MICS",I2))),"MICS","Other")) -> Other | K2: =IF(AND(F2="Record or Recall",G2="12-23 m"),1,0) -> 0 | L2: =IF(OR(J2="DHS",J2="MICS"),1,0) -> 0
A3: BEN | B3: EPI Evaluation of Immunisation Coverage and Social Mobilisation, 1991 | C3: Evaluation de la couverture vaccinale et de la mobilisation sociale du programme élargi de vaccination 1991, in: Enfants et femmes, avenir du Bénin | D3: 1990 | E3: DTP3 | F3: Record or Recall | G3: 12-18 m | H3: 73 | I3: =IF(B3="",TRIM(C3),TRIM(B3)) -> EPI Evaluation of Immunisation Coverage and Social Mobilisation, 1991 | J3: =IF(ISNUMBER(SEARCH("Demographic and Health",I3)),"DHS",IF(OR(ISNUMBER(SEARCH("Multiple Indicator Cluster",I3)),ISNUMBER(SEARCH("MICS",I3))),"MICS","Other")) -> Other | K3: =IF(AND(F3="Record or Recall",G3="12-23 m"),1,0) -> 0 | L3: =IF(OR(J3="DHS",J3="MICS"),1,0) -> 0
A4: BEN | B4: EPI Evaluation of Immunisation Coverage and Social Mobilisation, 1991 | C4: Evaluation de la couverture vaccinale et de la mobilisation sociale du programme élargi de vaccination 1991, in: Enfants et femmes, avenir du Bénin | D4: 1990 | E4: MCV1 | F4: Record or Recall | G4: 12-18 m | H4: 79 | I4: =IF(B4="",TRIM(C4),TRIM(B4)) -> EPI Evaluation of Immunisation Coverage and Social Mobilisation, 1991 | J4: =IF(ISNUMBER(SEARCH("Demographic and Health",I4)),"DHS",IF(OR(ISNUMBER(SEARCH("Multiple Indicator Cluster",I4)),ISNUMBER(SEARCH("MICS",I4))),"MICS","Other")) -> Other | K4: =IF(AND(F4="Record or Recall",G4="12-23 m"),1,0) -> 0 | L4: =IF(OR(J4="DHS",J4="MICS"),1,0) -> 0
A5: BEN | B5: National EPI Immunisation Coverage Survey 1995 | C5: PEV, Enquête Nationale de Couverture Vaccinale 1995 | D5: 1994 | E5: BCG | F5: Record or Recall | G5: 12-18 m | H5: 91 | I5: =IF(B5="",TRIM(C5),TRIM(B5)) -> National EPI Immunisation Coverage Survey 1995 | J5: =IF(ISNUMBER(SEARCH("Demographic and Health",I5)),"DHS",IF(OR(ISNUMBER(SEARCH("Multiple Indicator Cluster",I5)),ISNUMBER(SEARCH("MICS",I5))),"MICS","Other")) -> Other | K5: =IF(AND(F5="Record or Recall",G5="12-23 m"),1,0) -> 0 | L5: =IF(OR(J5="DHS",J5="MICS"),1,0) -> 0
A6: BEN | B6: National EPI Immunisation Coverage Survey 1995 | C6: PEV, Enquête Nationale de Couverture Vaccinale 1995 | D6: 1994 | E6: DTP1 | F6: Record or Recall | G6: 12-23 m | H6: 89 | I6: =IF(B6="",TRIM(C6),TRIM(B6)) -> National EPI Immunisation Coverage Survey 1995 | J6: =IF(ISNUMBER(SEARCH("Demographic and Health",I6)),"DHS",IF(OR(ISNUMBER(SEARCH("Multiple Indicator Cluster",I6)),ISNUMBER(SEARCH("MICS",I6))),"MICS","Other")) -> Other | K6: =IF(AND(F6="Record or Recall",G6="12-23 m"),1,0) -> 1 | L6: =IF(OR(J6="DHS",J6="MICS"),1,0) -> 0
A7: BEN | B7: National EPI Immunisation Coverage Survey 1995 | C7: PEV, Enquête Nationale de Couverture Vaccinale 1995 | D7: 1994 | E7: DTP3 | F7: Record or Recall<12m | G7: 12-18 m | H7: 79 | I7: =IF(B7="",TRIM(C7),TRIM(B7)) -> National EPI Immunisation Coverage Survey 1995 | J7: =IF(ISNUMBER(SEARCH("Demographic and Health",I7)),"DHS",IF(OR(ISNUMBER(SEARCH("Multiple Indicator Cluster",I7)),ISNUMBER(SEARCH("MICS",I7))),"MICS","Other")) -> Other | K7: =IF(AND(F7="Record or Recall",G7="12-23 m"),1,0) -> 0 | L7: =IF(OR(J7="DHS",J7="MICS"),1,0) -> 0
A8: BEN | B8: National EPI Immunisation Coverage Survey 1995 | C8: PEV, Enquête Nationale de Couverture Vaccinale 1995 | D8: 1994 | E8: DTP3 | F8: Record or Recall | G8: 12-18 m | H8: 82 | I8: =IF(B8="",TRIM(C8),TRIM(B8)) -> National EPI Immunisation Coverage Survey 1995 | J8: =IF(ISNUMBER(SEARCH("Demographic and Health",I8)),"DHS",IF(OR(ISNUMBER(SEARCH("Multiple Indicator Cluster",I8)),ISNUMBER(SEARCH("MICS",I8))),"MICS","Other")) -> Other | K8: =IF(AND(F8="Record or Recall",G8="12-23 m"),1,0) -> 0 | L8: =IF(OR(J8="DHS",J8="MICS"),1,0) -> 0
A9: BEN | B9: National EPI Immunisation Coverage Survey 1995 | C9: PEV, Enquête Nationale de Couverture Vaccinale 1995 | D9: 1994 | E9: MCV1 | F9: Record or Recall<12m | G9: 12-18 m | H9: 72 | I9: =IF(B9="",TRIM(C9),TRIM(B9)) -> National EPI Immunisation Coverage Survey 1995 | J9: =IF(ISNUMBER(SEARCH("Demographic and Health",I9)),"DHS",IF(OR(ISNUMBER(SEARCH("Multiple Indicator Cluster",I9)),ISNUMBER(SEARCH("MICS",I9))),"MICS","Other")) -> Other | K9: =IF(AND(F9="Record or Recall",G9="12-23 m"),1,0) -> 0 | L9: =IF(OR(J9="DHS",J9="MICS"),1,0) -> 0
A10: BEN | B10: National EPI Immunisation Coverage Survey 1995 | C10: PEV, Enquête Nationale de Couverture Vaccinale 1995 | D10: 1994 | E10: MCV1 | F10: Record or Recall | G10: 12-18 m | H10: 77 | I10: =IF(B10="",TRIM(C10),TRIM(B10)) -> National EPI Immunisation Coverage Survey 1995 | J10: =IF(ISNUMBER(SEARCH("Demographic and Health",I10)),"DHS",IF(OR(ISNUMBER(SEARCH("Multiple Indicator Cluster",I10)),ISNUMBER(SEARCH("MICS",I10))),"MICS","Other")) -> Other | K10: =IF(AND(F10="Record or Recall",G10="12-23 m"),1,0) -> 0 | L10: =IF(OR(J10="DHS",J10="MICS"),1,0) -> 0
A11: BEN | B11: National EPI Immunisation Coverage Survey 1995 | C11: PEV, Enquête Nationale de Couverture Vaccinale 1995 | D11: 1994 | E11: POL3 | F11: Record or Recall | G11: 12-23 m | H11: 82 | I11: =IF(B11="",TRIM(C11),TRIM(B11)) -> National EPI Immunisation Coverage Survey 1995 | J11: =IF(ISNUMBER(SEARCH("Demographic and Health",I11)),"DHS",IF(OR(ISNUMBER(SEARCH("Multiple Indicator Cluster",I11)),ISNUMBER(SEARCH("MICS",I11))),"MICS","Other")) -> Other | K11: =IF(AND(F11="Record or Recall",G11="12-23 m"),1,0) -> 1 | L11: =IF(OR(J11="DHS",J11="MICS"),1,0) -> 0
A12: BEN | B12: Benin Demographic and Health Survey 1996, 1997 | C12: Bénin, Enquête Démographique et de Santé 1996, 1997 | D12: 1995 | E12: BCG | F12: Record<12m | G12: 12-23 m | H12: 71.5 | I12: =IF(B12="",TRIM(C12),TRIM(B12)) -> Benin Demographic and Health Survey 1996, 1997 | J12: =IF(ISNUMBER(SEARCH("Demographic and Health",I12)),"DHS",IF(OR(ISNUMBER(SEARCH("Multiple Indicator Cluster",I12)),ISNUMBER(SEARCH("MICS",I12))),"MICS","Other")) -> DHS | K12: =IF(AND(F12="Record or Recall",G12="12-23 m"),1,0) -> 0 | L12: =IF(OR(J12="DHS",J12="MICS"),1,0) -> 1
A13: BEN | B13: Benin Demographic and Health Survey 1996, 1997 | C13: Bénin, Enquête Démographique et de Santé 1996, 1997 | D13: 1995 | E13: BCG | F13: Record or Recall | G13: 12-23 m | H13: 85.4 | I13: =IF(B13="",TRIM(C13),TRIM(B13)) -> Benin Demographic and Health Survey 1996, 1997 | J13: =IF(ISNUMBER(SEARCH("Demographic and Health",I13)),"DHS",IF(OR(ISNUMBER(SEARCH("Multiple Indicator Cluster",I13)),ISNUMBER(SEARCH("MICS",I13))),"MICS","Other")) -> DHS | K13: =IF(AND(F13="Record or Recall",G13="12-23 m"),1,0) -> 1 | L13: =IF(OR(J13="DHS",J13="MICS"),1,0) -> 1
... A352: CMR | B352: Cameroon Demographic and Health Survey 1991 | C352: Enquête Démographique et de Santé Cameroun 1991, 1992 | D352: 1990 | E352: POL3 | F352: Record or Recall<12m | G352: 12-23 m | H352: 44.5 | I352: =IF(B352="",TRIM(C352),TRIM(B352)) -> Cameroon Demographic and Health Survey 1991 | J352: =IF(ISNUMBER(SEARCH("Demographic and Health",I352)),"DHS",IF(OR(ISNUMBER(SEARCH("Multiple Indicator Cluster",I352)),ISNUMBER(SEARCH("MICS",I352))),"MICS","Other")) -> DHS | K352: =IF(AND(F352="Record or Recall",G352="12-23 m"),1,0) -> 0 | L352: =IF(OR(J352="DHS",J352="MICS"),1,0) -> 1
A353: CMR | C353: WHO/EPI/CEIS/92.1 | D353: 1990 | E353: BCG | F353: NOT USED | G353: 12-23 m | H353: 60 | I353: =IF(B353="",TRIM(C353),TRIM(B353)) -> WHO/EPI/CEIS/92.1 | J353: =IF(ISNUMBER(SEARCH("Demographic and Health",I353)),"DHS",IF(OR(ISNUMBER(SEARCH("Multiple Indicator Cluster",I353)),ISNUMBER(SEARCH("MICS",I353))),"MICS","Other")) -> Other | K353: =IF(AND(F353="Record or Recall",G353="12-23 m"),1,0) -> 0 | L353: =IF(OR(J353="DHS",J353="MICS"),1,0) -> 0
A354: CMR | C354: WHO/EPI/CEIS/92.1 | D354: 1990 | E354: DTP1 | F354: NOT USED | G354: 12-23 m | H354: 64 | I354: =IF(B354="",TRIM(C354),TRIM(B354)) -> WHO/EPI/CEIS/92.1 | J354: =IF(ISNUMBER(SEARCH("Demographic and Health",I354)),"DHS",IF(OR(ISNUMBER(SEARCH("Multiple Indicator Cluster",I354)),ISNUMBER(SEARCH("MICS",I354))),"MICS","Other")) -> Other | K354: =IF(AND(F354="Record or Recall",G354="12-23 m"),1,0) -> 0 | L354: =IF(OR(J354="DHS",J354="MICS"),1,0) -> 0
A355: CMR | C355: WHO/EPI/CEIS/92.1 | D355: 1990 | E355: DTP3 | F355: NOT USED | G355: 12-23 m | H355: 50 | I355: =IF(B355="",TRIM(C355),TRIM(B355)) -> WHO/EPI/CEIS/92.1 | J355: =IF(ISNUMBER(SEARCH("Demographic and Health",I355)),"DHS",IF(OR(ISNUMBER(SEARCH("Multiple Indicator Cluster",I355)),ISNUMBER(SEARCH("MICS",I355))),"MICS","Other")) -> Other | K355: =IF(AND(F355="Record or Recall",G355="12-23 m"),1,0) -> 0 | L355: =IF(OR(J355="DHS",J355="MICS"),1,0) -> 0
A356: CMR | C356: WHO/EPI/CEIS/92.1 | D356: 1990 | E356: MCV1 | F356: NOT USED | G356: 12-23 m | H356: 50 | I356: =IF(B356="",TRIM(C356),TRIM(B356)) -> WHO/EPI/CEIS/92.1 | J356: =IF(ISNUMBER(SEARCH("Demographic and Health",I356)),"DHS",IF(OR(ISNUMBER(SEARCH("Multiple Indicator Cluster",I356)),ISNUMBER(SEARCH("MICS",I356))),"MICS","Other")) -> Other | K356: =IF(AND(F356="Record or Recall",G356="12-23 m"),1,0) -> 0 | L356: =IF(OR(J356="DHS",J356="MICS"),1,0) -> 0
A357: CMR | C357: WHO/EPI/CEIS/92.1 | D357: 1990 | E357: POL3 | F357: NOT USED | G357: 12-23 m | H357: 48 | I357: =IF(B357="",TRIM(C357),TRIM(B357)) -> WHO/EPI/CEIS/92.1 | J357: =IF(ISNUMBER(SEARCH("Demographic and Health",I357)),"DHS",IF(OR(ISNUMBER(SEARCH("Multiple Indicator Cluster",I357)),ISNUMBER(SEARCH("MICS",I357))),"MICS","Other")) -> Other | K357: =IF(AND(F357="Record or Recall",G357="12-23 m"),1,0) -> 0 | L357: =IF(OR(J357="DHS",J357="MICS"),1,0) -> 0
A358: CMR | B358: Cameroon Demographic and Health Survey 1998 | C358: Enquête Démographique et de Santé Cameroun 1998, 1999 | D358: 1997 | E358: BCG | F358: Record or Recall<12m | G358: 12-23 m | H358: 72.3 | I358: =IF(B358="",TRIM(C358),TRIM(B358)) -> Cameroon Demographic and Health Survey 1998 | J358: =IF(ISNUMBER(SEARCH("Demographic and Health",I358)),"DHS",IF(OR(ISNUMBER(SEARCH("Multiple Indicator Cluster",I358)),ISNUMBER(SEARCH("MICS",I358))),"MICS","Other")) -> DHS | K358: =IF(AND(F358="Record or Recall",G358="12-23 m"),1,0) -> 0 | L358: =IF(OR(J358="DHS",J358="MICS"),1,0) -> 1
A359: CMR | B359: Cameroon Demographic and Health Survey 1998 | C359: Enquête Démographique et de Santé Cameroun 1998, 1999 | D359: 1997 | E359: BCG | F359: Record | G359: 12-23 m | H359: 50.2 | I359: =IF(B359="",TRIM(C359),TRIM(B359)) -> Cameroon Demographic and Health Survey 1998 | J359: =IF(ISNUMBER(SEARCH("Demographic and Health",I359)),"DHS",IF(OR(ISNUMBER(SEARCH("Multiple Indicator Cluster",I359)),ISNUMBER(SEARCH("MICS",I359))),"MICS","Other")) -> DHS | K359: =IF(AND(F359="Record or Recall",G359="12-23 m"),1,0) -> 0 | L359: =IF(OR(J359="DHS",J359="MICS"),1,0) -> 1
A360: CMR | B360: Cameroon Demographic and Health Survey 1998 | C360: Enquête Démographique et de Santé Cameroun 1998, 1999 | D360: 1997 | E360: BCG | F360: Record or Recall | G360: 12-23 m | H360: 74.8 | I360: =IF(B360="",TRIM(C360),TRIM(B360)) -> Cameroon Demographic and Health Survey 1998 | J360: =IF(ISNUMBER(SEARCH("Demographic and Health",I360)),"DHS",IF(OR(ISNUMBER(SEARCH("Multiple Indicator Cluster",I360)),ISNUMBER(SEARCH("MICS",I360))),"MICS","Other")) -> DHS | K360: =IF(AND(F360="Record or Recall",G360="12-23 m"),1,0) -> 1 | L360: =IF(OR(J360="DHS",J360="MICS"),1,0) -> 1
A361: CMR | B361: Cameroon Demographic and Health Survey 1998 | C361: Enquête Démographique et de Santé Cameroun 1998, 1999 | D361: 1997 | E361: BCG | F361: Recall | G361: 12-23 m | H361: 24.6 | I361: =IF(B361="",TRIM(C361),TRIM(B361)) -> Cameroon Demographic and Health Survey 1998 | J361: =IF(ISNUMBER(SEARCH("Demographic and Health",I361)),"DHS",IF(OR(ISNUMBER(SEARCH("Multiple Indicator Cluster",I361)),ISNUMBER(SEARCH("MICS",I361))),"MICS","Other")) -> DHS | K361: =IF(AND(F361="Record or Recall",G361="12-23 m"),1,0) -> 0 | L361: =IF(OR(J361="DHS",J361="MICS"),1,0) -> 1
A362: CMR | B362: Cameroon Demographic and Health Survey 1998 | C362: Enquête Démographique et de Santé Cameroun 1998, 1999 | D362: 1997 | E362: DTP1 | F362: Record or Recall<12m | G362: 12-23 m | H362: 70.1 | I362: =IF(B362="",TRIM(C362),TRIM(B362)) -> Cameroon Demographic and Health Survey 1998 | J362: =IF(ISNUMBER(SEARCH("Demographic and Health",I362)),"DHS",IF(OR(ISNUMBER(SEARCH("Multiple Indicator Cluster",I362)),ISNUMBER(SEARCH("MICS",I362))),"MICS","Other")) -> DHS | K362: =IF(AND(F362="Record or Recall",G362="12-23 m"),1,0) -> 0 | L362: =IF(OR(J362="DHS",J362="MICS"),1,0) -> 1
A363: CMR | B363: Cameroon Demographic and Health Survey 1998 | C363: Enquête Démographique et de Santé Cameroun 1998, 1999 | D363: 1997 | E363: DTP1 | F363: Record | G363: 12-23 m | H363: 52 | I363: =IF(B363="",TRIM(C363),TRIM(B363)) -> Cameroon Demographic and Health Survey 1998 | J363: =IF(ISNUMBER(SEARCH("Demographic and Health",I363)),"DHS",IF(OR(ISNUMBER(SEARCH("Multiple Indicator Cluster",I363)),ISNUMBER(SEARCH("MICS",I363))),"MICS","Other")) -> DHS | K363: =IF(AND(F363="Record or Recall",G363="12-23 m"),1,0) -> 0 | L363: =IF(OR(J363="DHS",J363="MICS"),1,0) -> 1
A364: CMR | B364: Cameroon Demographic and Health Survey 1998 | C364: Enquête Démographique et de Santé Cameroun 1998, 1999 | D364: 1997 | E364: DTP1 | F364: Record or Recall | G364: 12-23 m | H364: 73.3 | I364: =IF(B364="",TRIM(C364),TRIM(B364)) -> Cameroon Demographic and Health Survey 1998 | J364: =IF(ISNUMBER(SEARCH("Demographic and Health",I364)),"DHS",IF(OR(ISNUMBER(SEARCH("Multiple Indicator Cluster",I364)),ISNUMBER(SEARCH("MICS",I364))),"MICS","Other")) -> DHS | K364: =IF(AND(F364="Record or Recall",G364="12-23 m"),1,0) -> 1 | L364: =IF(OR(J364="DHS",J364="MICS"),1,0) -> 1
A365: CMR | B365: Cameroon Demographic and Health Survey 1998 | C365: Enquête Démographique et de Santé Cameroun 1998, 1999 | D365: 1997 | E365: DTP1 | F365: Recall | G365: 12-23 m | H365: 21.3 | I365: =IF(B365="",TRIM(C365),TRIM(B365)) -> Cameroon Demographic and Health Survey 1998 | J365: =IF(ISNUMBER(SEARCH("Demographic and Health",I365)),"DHS",IF(OR(ISNUMBER(SEARCH("Multiple Indicator Cluster",I365)),ISNUMBER(SEARCH("MICS",I365))),"MICS","Other")) -> DHS | K365: =IF(AND(F365="Record or Recall",G365="12-23 m"),1,0) -> 0 | L365: =IF(OR(J365="DHS",J365="MICS"),1,0) -> 1
A366: CMR | B366: Cameroon Demographic and Health Survey 1998 | C366: Enquête Démographique et de Santé Cameroun 1998, 1999 | D366: 1997 | E366: DTP3 | F366: Record or Recall<12m | G366: 12-23 m | H366: 45.8 | I366: =IF(B366="",TRIM(C366),TRIM(B366)) -> Cameroon Demographic and Health Survey 1998 | J366: =IF(ISNUMBER(SEARCH("Demographic and Health",I366)),"DHS",IF(OR(ISNUMBER(SEARCH("Multiple Indicator Cluster",I366)),ISNUMBER(SEARCH("MICS",I366))),"MICS","Other")) -> DHS | K366: =IF(AND(F366="Record or Recall",G366="12-23 m"),1,0) -> 0 | L366: =IF(OR(J366="DHS",J366="MICS"),1,0) -> 1
A367: CMR | B367: Cameroon Demographic and Health Survey 1998 | C367: Enquête Démographique et de Santé Cameroun 1998, 1999 | D367: 1997 | E367: DTP3 | F367: Record | G367: 12-23 m | H367: 41.7 | I367: =IF(B367="",TRIM(C367),TRIM(B367)) -> Cameroon Demographic and Health Survey 1998 | J367: =IF(ISNUMBER(SEARCH("Demographic and Health",I367)),"DHS",IF(OR(ISNUMBER(SEARCH("Multiple Indicator Cluster",I367)),ISNUMBER(SEARCH("MICS",I367))),"MICS","Other")) -> DHS | K367: =IF(AND(F367="Record or Recall",G367="12-23 m"),1,0) -> 0 | L367: =IF(OR(J367="DHS",J367="MICS"),1,0) -> 1
A368: CMR | B368: Cameroon Demographic and Health Survey 1998 | C368: Enquête Démographique et de Santé Cameroun 1998, 1999 | D368: 1997 | E368: DTP3 | F368: Record or Recall | G368: 12-23 m | H368: 50.5 | I368: =IF(B368="",TRIM(C368),TRIM(B368)) -> Cameroon Demographic and Health Survey 1998 | J368: =IF(ISNUMBER(SEARCH("Demographic and Health",I368)),"DHS",IF(OR(ISNUMBER(SEARCH("Multiple Indicator Cluster",I368)),ISNUMBER(SEARCH("MICS",I368))),"MICS","Other")) -> DHS | K368: =IF(AND(F368="Record or Recall",G368="12-23 m"),1,0) -> 1 | L368: =IF(OR(J368="DHS",J368="MICS"),1,0) -> 1
A369: CMR | B369: Cameroon Demographic and Health Survey 1998 | C369: Enquête Démographique et de Santé Cameroun 1998, 1999 | D369: 1997 | E369: DTP3 | F369: Recall | G369: 12-23 m | H369: 8.9 | I369: =IF(B369="",TRIM(C369),TRIM(B369)) -> Cameroon Demographic and Health Survey 1998 | J369: =IF(ISNUMBER(SEARCH("Demographic and Health",I369)),"DHS",IF(OR(ISNUMBER(SEARCH("Multiple Indicator Cluster",I369)),ISNUMBER(SEARCH("MICS",I369))),"MICS","Other")) -> DHS | K369: =IF(AND(F369="Record or Recall",G369="12-23 m"),1,0) -> 0 | L369: =IF(OR(J369="DHS",J369="MICS"),1,0) -> 1
... A627: CMR | B627: 2023 Cameroon Vaccination Coverage Survey | C627: 2023 Cameroon Vaccination Coverage Survey | D627: 2021 | E627: POL3 | F627: Recall | G627: 12-23 m | H627: 3.4595053 | I627: =IF(B627="",TRIM(C627),TRIM(B627)) -> 2023 Cameroon Vaccination Coverage Survey | J627: =IF(ISNUMBER(SEARCH("Demographic and Health",I627)),"DHS",IF(OR(ISNUMBER(SEARCH("Multiple Indicator Cluster",I627)),ISNUMBER(SEARCH("MICS",I627))),"MICS","Other")) -> Other | K627: =IF(AND(F627="Record or Recall",G627="12-23 m"),1,0) -> 0 | L627: =IF(OR(J627="DHS",J627="MICS"),1,0) -> 0
A628: NER | C628: Enquête Démographique et de Santé Niger 1992, 1993 | D628: 1988 | E628: BCG | F628: Record or Recall<12m | G628: 48-59 m | H628: 23.5 | I628: =IF(B628="",TRIM(C628),TRIM(B628)) -> Enquête Démographique et de Santé Niger 1992, 1993 | J628: =IF(ISNUMBER(SEARCH("Demographic and Health",I628)),"DHS",IF(OR(ISNUMBER(SEARCH("Multiple Indicator Cluster",I628)),ISNUMBER(SEARCH("MICS",I628))),"MICS","Other")) -> Other | K628: =IF(AND(F628="Record or Recall",G628="12-23 m"),1,0) -> 0 | L628: =IF(OR(J628="DHS",J628="MICS"),1,0) -> 0
A629: NER | C629: Enquête Démographique et de Santé Niger 1992, 1993 | D629: 1988 | E629: DTP1 | F629: Record or Recall<12m | G629: 48-59 m | H629: 17.9 | I629: =IF(B629="",TRIM(C629),TRIM(B629)) -> Enquête Démographique et de Santé Niger 1992, 1993 | J629: =IF(ISNUMBER(SEARCH("Demographic and Health",I629)),"DHS",IF(OR(ISNUMBER(SEARCH("Multiple Indicator Cluster",I629)),ISNUMBER(SEARCH("MICS",I629))),"MICS","Other")) -> Other | K629: =IF(AND(F629="Record or Recall",G629="12-23 m"),1,0) -> 0 | L629: =IF(OR(J629="DHS",J629="MICS"),1,0) -> 0
A630: NER | C630: Enquête Démographique et de Santé Niger 1992, 1993 | D630: 1988 | E630: DTP3 | F630: Record or Recall<12m | G630: 48-59 m | H630: 10.3 | I630: =IF(B630="",TRIM(C630),TRIM(B630)) -> Enquête Démographique et de Santé Niger 1992, 1993 | J630: =IF(ISNUMBER(SEARCH("Demographic and Health",I630)),"DHS",IF(OR(ISNUMBER(SEARCH("Multiple Indicator Cluster",I630)),ISNUMBER(SEARCH("MICS",I630))),"MICS","Other")) -> Other | K630: =IF(AND(F630="Record or Recall",G630="12-23 m"),1,0) -> 0 | L630: =IF(OR(J630="DHS",J630="MICS"),1,0) -> 0
A631: NER | C631: Enquête Démographique et de Santé Niger 1992, 1993 | D631: 1988 | E631: FULL | F631: Record or Recall<12m | G631: 48-59 m | H631: 6.5 | I631: =IF(B631="",TRIM(C631),TRIM(B631)) -> Enquête Démographique et de Santé Niger 1992, 1993 | J631: =IF(ISNUMBER(SEARCH("Demographic and Health",I631)),"DHS",IF(OR(ISNUMBER(SEARCH("Multiple Indicator Cluster",I631)),ISNUMBER(SEARCH("MICS",I631))),"MICS","Other")) -> Other | K631: =IF(AND(F631="Record or Recall",G631="12-23 m"),1,0) -> 0 | L631: =IF(OR(J631="DHS",J631="MICS"),1,0) -> 0
A632: NER | C632: Enquête Démographique et de Santé Niger 1992, 1993 | D632: 1988 | E632: MCV1 | F632: Record or Recall<12m | G632: 48-59 m | H632: 13.1 | I632: =IF(B632="",TRIM(C632),TRIM(B632)) -> Enquête Démographique et de Santé Niger 1992, 1993 | J632: =IF(ISNUMBER(SEARCH("Demographic and Health",I632)),"DHS",IF(OR(ISNUMBER(SEARCH("Multiple Indicator Cluster",I632)),ISNUMBER(SEARCH("MICS",I632))),"MICS","Other")) -> Other | K632: =IF(AND(F632="Record or Recall",G632="12-23 m"),1,0) -> 0 | L632: =IF(OR(J632="DHS",J632="MICS"),1,0) -> 0
A633: NER | C633: Enquête Démographique et de Santé Niger 1992, 1993 | D633: 1988 | E633: POL3 | F633: Record or Recall<12m | G633: 48-59 m | H633: 9.8 | I633: =IF(B633="",TRIM(C633),TRIM(B633)) -> Enquête Démographique et de Santé Niger 1992, 1993 | J633: =IF(ISNUMBER(SEARCH("Demographic and Health",I633)),"DHS",IF(OR(ISNUMBER(SEARCH("Multiple Indicator Cluster",I633)),ISNUMBER(SEARCH("MICS",I633))),"MICS","Other")) -> Other | K633: =IF(AND(F633="Record or Recall",G633="12-23 m"),1,0) -> 0 | L633: =IF(OR(J633="DHS",J633="MICS"),1,0) -> 0
A634: NER | C634: WHO/EPI/CEIS/92.1 | D634: 1989 | E634: BCG | F634: NOT USED | G634: 12-23 m | H634: 50 | I634: =IF(B634="",TRIM(C634),TRIM(B634)) -> WHO/EPI/CEIS/92.1 | J634: =IF(ISNUMBER(SEARCH("Demographic and Health",I634)),"DHS",IF(OR(ISNUMBER(SEARCH("Multiple Indicator Cluster",I634)),ISNUMBER(SEARCH("MICS",I634))),"MICS","Other")) -> Other | K634: =IF(AND(F634="Record or Recall",G634="12-23 m"),1,0) -> 0 | L634: =IF(OR(J634="DHS",J634="MICS"),1,0) -> 0
A635: NER | C635: Enquête Démographique et de Santé Niger 1992, 1993 | D635: 1989 | E635: BCG | F635: Record or Recall<12m | G635: 36-47 m | H635: 28.9 | I635: =IF(B635="",TRIM(C635),TRIM(B635)) -> Enquête Démographique et de Santé Niger 1992, 1993 | J635: =IF(ISNUMBER(SEARCH("Demographic and Health",I635)),"DHS",IF(OR(ISNUMBER(SEARCH("Multiple Indicator Cluster",I635)),ISNUMBER(SEARCH("MICS",I635))),"MICS","Other")) -> Other | K635: =IF(AND(F635="Record or Recall",G635="12-23 m"),1,0) -> 0 | L635: =IF(OR(J635="DHS",J635="MICS"),1,0) -> 0
A636: NER | C636: WHO/EPI/CEIS/92.1 | D636: 1989 | E636: DTP1 | F636: NOT USED | G636: 12-23 m | H636: 26 | I636: =IF(B636="",TRIM(C636),TRIM(B636)) -> WHO/EPI/CEIS/92.1 | J636: =IF(ISNUMBER(SEARCH("Demographic and Health",I636)),"DHS",IF(OR(ISNUMBER(SEARCH("Multiple Indicator Cluster",I636)),ISNUMBER(SEARCH("MICS",I636))),"MICS","Other")) -> Other | K636: =IF(AND(F636="Record or Recall",G636="12-23 m"),1,0) -> 0 | L636: =IF(OR(J636="DHS",J636="MICS"),1,0) -> 0
A637: NER | C637: Enquête Démographique et de Santé Niger 1992, 1993 | D637: 1989 | E637: DTP1 | F637: Record or Recall<12m | G637: 36-47 m | H637: 22 | I637: =IF(B637="",TRIM(C637),TRIM(B637)) -> Enquête Démographique et de Santé Niger 1992, 1993 | J637: =IF(ISNUMBER(SEARCH("Demographic and Health",I637)),"DHS",IF(OR(ISNUMBER(SEARCH("Multiple Indicator Cluster",I637)),ISNUMBER(SEARCH("MICS",I637))),"MICS","Other")) -> Other | K637: =IF(AND(F637="Record or Recall",G637="12-23 m"),1,0) -> 0 | L637: =IF(OR(J637="DHS",J637="MICS"),1,0) -> 0
A638: NER | C638: WHO/EPI/CEIS/92.1 | D638: 1989 | E638: DTP3 | F638: NOT USED | G638: 12-23 m | H638: 13 | I638: =IF(B638="",TRIM(C638),TRIM(B638)) -> WHO/EPI/CEIS/92.1 | J638: =IF(ISNUMBER(SEARCH("Demographic and Health",I638)),"DHS",IF(OR(ISNUMBER(SEARCH("Multiple Indicator Cluster",I638)),ISNUMBER(SEARCH("MICS",I638))),"MICS","Other")) -> Other | K638: =IF(AND(F638="Record or Recall",G638="12-23 m"),1,0) -> 0 | L638: =IF(OR(J638="DHS",J638="MICS"),1,0) -> 0
A639: NER | C639: Enquête Démographique et de Santé Niger 1992, 1993 | D639: 1989 | E639: DTP3 | F639: Record or Recall<12m | G639: 36-47 m | H639: 12.1 | I639: =IF(B639="",TRIM(C639),TRIM(B639)) -> Enquête Démographique et de Santé Niger 1992, 1993 | J639: =IF(ISNUMBER(SEARCH("Demographic and Health",I639)),"DHS",IF(OR(ISNUMBER(SEARCH("Multiple Indicator Cluster",I639)),ISNUMBER(SEARCH("MICS",I639))),"MICS","Other")) -> Other | K639: =IF(AND(F639="Record or Recall",G639="12-23 m"),1,0) -> 0 | L639: =IF(OR(J639="DHS",J639="MICS"),1,0) -> 0
... A738: NER | C738: Niger, Revue du PEV 2001 | D738: 2000 | E738: POL3 | F738: Record | G738: 12-23 m | H738: 31 | I738: =IF(B738="",TRIM(C738),TRIM(B738)) -> Niger, Revue du PEV 2001 | J738: =IF(ISNUMBER(SEARCH("Demographic and Health",I738)),"DHS",IF(OR(ISNUMBER(SEARCH("Multiple Indicator Cluster",I738)),ISNUMBER(SEARCH("MICS",I738))),"MICS","Other")) -> Other | K738: =IF(AND(F738="Record or Recall",G738="12-23 m"),1,0) -> 0 | L738: =IF(OR(J738="DHS",J738="MICS"),1,0) -> 0
A739: NER | B739: Niger Demographic and Health and Multiple Indicator Cluster Survey, 2006 | C739: L’Enquête Démographique et de Santé et à Indicateurs Multiples de Niger, 2006 | D739: 2005 | E739: BCG | F739: Record or Recall<12m | G739: 12-23 m | H739: 60.6 | I739: =IF(B739="",TRIM(C739),TRIM(B739)) -> Niger Demographic and Health and Multiple Indicator Cluster Survey, 2006 | J739: =IF(ISNUMBER(SEARCH("Demographic and Health",I739)),"DHS",IF(OR(ISNUMBER(SEARCH("Multiple Indicator Cluster",I739)),ISNUMBER(SEARCH("MICS",I739))),"MICS","Other")) -> DHS | K739: =IF(AND(F739="Record or Recall",G739="12-23 m"),1,0) -> 0 | L739: =IF(OR(J739="DHS",J739="MICS"),1,0) -> 1
A740: NER | B740: Niger Demographic and Health and Multiple Indicator Cluster Survey, 2006 | C740: L’Enquête Démographique et de Santé et à Indicateurs Multiples de Niger, 2006 | D740: 2005 | E740: BCG | F740: Record | G740: 12-23 m | H740: 41.3 | I740: =IF(B740="",TRIM(C740),TRIM(B740)) -> Niger Demographic and Health and Multiple Indicator Cluster Survey, 2006 | J740: =IF(ISNUMBER(SEARCH("Demographic and Health",I740)),"DHS",IF(OR(ISNUMBER(SEARCH("Multiple Indicator Cluster",I740)),ISNUMBER(SEARCH("MICS",I740))),"MICS","Other")) -> DHS | K740: =IF(AND(F740="Record or Recall",G740="12-23 m"),1,0) -> 0 | L740: =IF(OR(J740="DHS",J740="MICS"),1,0) -> 1
A741: NER | B741: Niger Demographic and Health and Multiple Indicator Cluster Survey, 2006 | C741: L’Enquête Démographique et de Santé et à Indicateurs Multiples de Niger, 2006 | D741: 2005 | E741: BCG | F741: Record or Recall | G741: 12-23 m | H741: 63.6 | I741: =IF(B741="",TRIM(C741),TRIM(B741)) -> Niger Demographic and Health and Multiple Indicator Cluster Survey, 2006 | J741: =IF(ISNUMBER(SEARCH("Demographic and Health",I741)),"DHS",IF(OR(ISNUMBER(SEARCH("Multiple Indicator Cluster",I741)),ISNUMBER(SEARCH("MICS",I741))),"MICS","Other")) -> DHS | K741: =IF(AND(F741="Record or Recall",G741="12-23 m"),1,0) -> 1 | L741: =IF(OR(J741="DHS",J741="MICS"),1,0) -> 1
A742: NER | B742: Niger Demographic and Health and Multiple Indicator Cluster Survey, 2006 | C742: L’Enquête Démographique et de Santé et à Indicateurs Multiples de Niger, 2006 | D742: 2005 | E742: BCG | F742: Recall | G742: 12-23 m | H742: 22.4 | I742: =IF(B742="",TRIM(C742),TRIM(B742)) -> Niger Demographic and Health and Multiple Indicator Cluster Survey, 2006 | J742: =IF(ISNUMBER(SEARCH("Demographic and Health",I742)),"DHS",IF(OR(ISNUMBER(SEARCH("Multiple Indicator Cluster",I742)),ISNUMBER(SEARCH("MICS",I742))),"MICS","Other")) -> DHS | K742: =IF(AND(F742="Record or Recall",G742="12-23 m"),1,0) -> 0 | L742: =IF(OR(J742="DHS",J742="MICS"),1,0) -> 1
A743: NER | B743: Niger Demographic and Health and Multiple Indicator Cluster Survey, 2006 | C743: L’Enquête Démographique et de Santé et à Indicateurs Multiples de Niger, 2006 | D743: 2005 | E743: DTP1 | F743: Record or Recall<12m | G743: 12-23 m | H743: 56.2 | I743: =IF(B743="",TRIM(C743),TRIM(B743)) -> Niger Demographic and Health and Multiple Indicator Cluster Survey, 2006 | J743: =IF(ISNUMBER(SEARCH("Demographic and Health",I743)),"DHS",IF(OR(ISNUMBER(SEARCH("Multiple Indicator Cluster",I743)),ISNUMBER(SEARCH("MICS",I743))),"MICS","Other")) -> DHS | K743: =IF(AND(F743="Record or Recall",G743="12-23 m"),1,0) -> 0 | L743: =IF(OR(J743="DHS",J743="MICS"),1,0) -> 1
A744: NER | B744: Niger Demographic and Health and Multiple Indicator Cluster Survey, 2006 | C744: L’Enquête Démographique et de Santé et à Indicateurs Multiples de Niger, 2006 | D744: 2005 | E744: DTP1 | F744: Record | G744: 12-23 m | H744: 40.9 | I744: =IF(B744="",TRIM(C744),TRIM(B744)) -> Niger Demographic and Health and Multiple Indicator Cluster Survey, 2006 | J744: =IF(ISNUMBER(SEARCH("Demographic and Health",I744)),"DHS",IF(OR(ISNUMBER(SEARCH("Multiple Indicator Cluster",I744)),ISNUMBER(SEARCH("MICS",I744))),"MICS","Other")) -> DHS | K744: =IF(AND(F744="Record or Recall",G744="12-23 m"),1,0) -> 0 | L744: =IF(OR(J744="DHS",J744="MICS"),1,0) -> 1
A745: NER | B745: Niger Demographic and Health and Multiple Indicator Cluster Survey, 2006 | C745: L’Enquête Démographique et de Santé et à Indicateurs Multiples de Niger, 2006 | D745: 2005 | E745: DTP1 | F745: Record or Recall | G745: 12-23 m | H745: 58.4 | I745: =IF(B745="",TRIM(C745),TRIM(B745)) -> Niger Demographic and Health and Multiple Indicator Cluster Survey, 2006 | J745: =IF(ISNUMBER(SEARCH("Demographic and Health",I745)),"DHS",IF(OR(ISNUMBER(SEARCH("Multiple Indicator Cluster",I745)),ISNUMBER(SEARCH("MICS",I745))),"MICS","Other")) -> DHS | K745: =IF(AND(F745="Record or Recall",G745="12-23 m"),1,0) -> 1 | L745: =IF(OR(J745="DHS",J745="MICS"),1,0) -> 1
A746: NER | B746: Niger Demographic and Health and Multiple Indicator Cluster Survey, 2006 | C746: L’Enquête Démographique et de Santé et à Indicateurs Multiples de Niger, 2006 | D746: 2005 | E746: DTP1 | F746: Recall | G746: 12-23 m | H746: 17.4 | I746: =IF(B746="",TRIM(C746),TRIM(B746)) -> Niger Demographic and Health and Multiple Indicator Cluster Survey, 2006 | J746: =IF(ISNUMBER(SEARCH("Demographic and Health",I746)),"DHS",IF(OR(ISNUMBER(SEARCH("Multiple Indicator Cluster",I746)),ISNUMBER(SEARCH("MICS",I746))),"MICS","Other")) -> DHS | K746: =IF(AND(F746="Record or Recall",G746="12-23 m"),1,0) -> 0 | L746: =IF(OR(J746="DHS",J746="MICS"),1,0) -> 1
A747: NER | B747: Niger Demographic and Health and Multiple Indicator Cluster Survey, 2006 | C747: L’Enquête Démographique et de Santé et à Indicateurs Multiples de Niger, 2006 | D747: 2005 | E747: DTP3 | F747: Record or Recall<12m | G747: 12-23 m | H747: 34.7 | I747: =IF(B747="",TRIM(C747),TRIM(B747)) -> Niger Demographic and Health and Multiple Indicator Cluster Survey, 2006 | J747: =IF(ISNUMBER(SEARCH("Demographic and Health",I747)),"DHS",IF(OR(ISNUMBER(SEARCH("Multiple Indicator Cluster",I747)),ISNUMBER(SEARCH("MICS",I747))),"MICS","Other")) -> DHS | K747: =IF(AND(F747="Record or Recall",G747="12-23 m"),1,0) -> 0 | L747: =IF(OR(J747="DHS",J747="MICS"),1,0) -> 1
A748: NER | B748: Niger Demographic and Health and Multiple Indicator Cluster Survey, 2006 | C748: L’Enquête Démographique et de Santé et à Indicateurs Multiples de Niger, 2006 | D748: 2005 | E748: DTP3 | F748: Record | G748: 12-23 m | H748: 32.4 | I748: =IF(B748="",TRIM(C748),TRIM(B748)) -> Niger Demographic and Health and Multiple Indicator Cluster Survey, 2006 | J748: =IF(ISNUMBER(SEARCH("Demographic and Health",I748)),"DHS",IF(OR(ISNUMBER(SEARCH("Multiple Indicator Cluster",I748)),ISNUMBER(SEARCH("MICS",I748))),"MICS","Other")) -> DHS | K748: =IF(AND(F748="Record or Recall",G748="12-23 m"),1,0) -> 0 | L748: =IF(OR(J748="DHS",J748="MICS"),1,0) -> 1
A749: NER | B749: Niger Demographic and Health and Multiple Indicator Cluster Survey, 2006 | C749: L’Enquête Démographique et de Santé et à Indicateurs Multiples de Niger, 2006 | D749: 2005 | E749: DTP3 | F749: Record or Recall | G749: 12-23 m | H749: 39.3 | I749: =IF(B749="",TRIM(C749),TRIM(B749)) -> Niger Demographic and Health and Multiple Indicator Cluster Survey, 2006 | J749: =IF(ISNUMBER(SEARCH("Demographic and Health",I749)),"DHS",IF(OR(ISNUMBER(SEARCH("Multiple Indicator Cluster",I749)),ISNUMBER(SEARCH("MICS",I749))),"MICS","Other")) -> DHS | K749: =IF(AND(F749="Record or Recall",G749="12-23 m"),1,0) -> 1 | L749: =IF(OR(J749="DHS",J749="MICS"),1,0) -> 1
A750: NER | B750: Niger Demographic and Health and Multiple Indicator Cluster Survey, 2006 | C750: L’Enquête Démographique et de Santé et à Indicateurs Multiples de Niger, 2006 | D750: 2005 | E750: DTP3 | F750: Recall | G750: 12-23 m | H750: 6.8 | I750: =IF(B750="",TRIM(C750),TRIM(B750)) -> Niger Demographic and Health and Multiple Indicator Cluster Survey, 2006 | J750: =IF(ISNUMBER(SEARCH("Demographic and Health",I750)),"DHS",IF(OR(ISNUMBER(SEARCH("Multiple Indicator Cluster",I750)),ISNUMBER(SEARCH("MICS",I750))),"MICS","Other")) -> DHS | K750: =IF(AND(F750="Record or Recall",G750="12-23 m"),1,0) -> 0 | L750: =IF(OR(J750="DHS",J750="MICS"),1,0) -> 1
... A1121: TCD | B1121: National Routine Vaccination Coverage Survey 2023-2024, Chad | C1121: Enquête Nationale Couverture Vaccinale de routine 2023-2024, Tchad | D1121: 2023 | E1121: POL3 | F1121: Recall | G1121: 12-23 m | H1121: 44.3 | I1121: =IF(B1121="",TRIM(C1121),TRIM(B1121)) -> National Routine Vaccination Coverage Survey 2023-2024, Chad | J1121: =IF(ISNUMBER(SEARCH("Demographic and Health",I1121)),"DHS",IF(OR(ISNUMBER(SEARCH("Multiple Indicator Cluster",I1121)),ISNUMBER(SEARCH("MICS",I1121))),"MICS","Other")) -> Other | K1121: =IF(AND(F1121="Record or Recall",G1121="12-23 m"),1,0) -> 0 | L1121: =IF(OR(J1121="DHS",J1121="MICS"),1,0) -> 0

Sheet Benchmark
A1: Step 5 (locations) - Nigeria compared with bordering countries
A2: Latest DHS or MICS birth cohort per country, children 12-23 months, card or recall. Years differ by country: read as context, not a ranking.
A4: Country | B4: Latest cohort year (DTP3) | C4: DTP1 | D4: DTP3 | E4: MCV1 | F4: FULL | G4: Zero-dose proxy % | H4: DTP_Dropout_% | I4: Check_DTP3_Rows
A5: Nigeria | B5: =_xlfn.MAXIFS(Clean_Data!$H$2:$H$1141,Clean_Data!$I$2:$I$1141,"DTP3",Clean_Data!$S$2:$S$1141,1,Clean_Data!$U$2:$U$1141,1) -> 2022 | C5: =IFERROR(AVERAGEIFS(Clean_Data!$N$2:$N$1141,Clean_Data!$I$2:$I$1141,"DTP1",Clean_Data!$H$2:$H$1141,$B5,Clean_Data!$S$2:$S$1141,1,Clean_Data!$U$2:$U$1141,1),"") -> 62.9 | D5: =IFERROR(AVERAGEIFS(Clean_Data!$N$2:$N$1141,Clean_Data!$I$2:$I$1141,"DTP3",Clean_Data!$H$2:$H$1141,$B5,Clean_Data!$S$2:$S$1141,1,Clean_Data!$U$2:$U$1141,1),"") -> 53.4 | E5: =IFERROR(AVERAGEIFS(Clean_Data!$N$2:$N$1141,Clean_Data!$I$2:$I$1141,"MCV1",Clean_Data!$H$2:$H$1141,$B5,Clean_Data!$S$2:$S$1141,1,Clean_Data!$U$2:$U$1141,1),"") -> 51.4 | F5: =IFERROR(AVERAGEIFS(Clean_Data!$N$2:$N$1141,Clean_Data!$I$2:$I$1141,"FULL",Clean_Data!$H$2:$H$1141,$B5,Clean_Data!$S$2:$S$1141,1,Clean_Data!$U$2:$U$1141,1),"") -> 39.4 | G5: =IF(ISNUMBER(C5),100-C5,"") -> 37.1 | H5: =IF(AND(ISNUMBER(C5),ISNUMBER(D5)),IF(C5>0,(C5-D5)/C5*100,""),"") -> 15.103339 | I5: =COUNTIFS(Clean_Data!$I$2:$I$1141,"DTP3",Clean_Data!$H$2:$H$1141,$B5,Clean_Data!$S$2:$S$1141,1,Clean_Data!$U$2:$U$1141,1) -> 1
A6: Benin | B6: =_xlfn.MAXIFS(Raw_Neighbours!$D$2:$D$1121,Raw_Neighbours!$A$2:$A$1121,"BEN",Raw_Neighbours!$E$2:$E$1121,"DTP3",Raw_Neighbours!$K$2:$K$1121,1,Raw_Neighbours!$L$2:$L$1121,1) -> 2020 | C6: =IFERROR(AVERAGEIFS(Raw_Neighbours!$H$2:$H$1121,Raw_Neighbours!$A$2:$A$1121,"BEN",Raw_Neighbours!$E$2:$E$1121,"DTP1",Raw_Neighbours!$D$2:$D$1121,$B6,Raw_Neighbours!$K$2:$K$1121,1,Raw_Neighbours!$L$2:$L$1121,1),"") -> 79.8 | D6: =IFERROR(AVERAGEIFS(Raw_Neighbours!$H$2:$H$1121,Raw_Neighbours!$A$2:$A$1121,"BEN",Raw_Neighbours!$E$2:$E$1121,"DTP3",Raw_Neighbours!$D$2:$D$1121,$B6,Raw_Neighbours!$K$2:$K$1121,1,Raw_Neighbours!$L$2:$L$1121,1),"") -> 67.3 | E6: =IFERROR(AVERAGEIFS(Raw_Neighbours!$H$2:$H$1121,Raw_Neighbours!$A$2:$A$1121,"BEN",Raw_Neighbours!$E$2:$E$1121,"MCV1",Raw_Neighbours!$D$2:$D$1121,$B6,Raw_Neighbours!$K$2:$K$1121,1,Raw_Neighbours!$L$2:$L$1121,1),"") -> 53.7 | F6: =IFERROR(AVERAGEIFS(Raw_Neighbours!$H$2:$H$1121,Raw_Neighbours!$A$2:$A$1121,"BEN",Raw_Neighbours!$E$2:$E$1121,"FULL",Raw_Neighbours!$D$2:$D$1121,$B6,Raw_Neighbours!$K$2:$K$1121,1,Raw_Neighbours!$L$2:$L$1121,1),"") -> 27.6 | G6: =IF(ISNUMBER(C6),100-C6,"") -> 20.2 | H6: =IF(AND(ISNUMBER(C6),ISNUMBER(D6)),IF(C6>0,(C6-D6)/C6*100,""),"") -> 15.66416 | I6: =COUNTIFS(Raw_Neighbours!$A$2:$A$1121,"BEN",Raw_Neighbours!$E$2:$E$1121,"DTP3",Raw_Neighbours!$D$2:$D$1121,$B6,Raw_Neighbours!$K$2:$K$1121,1,Raw_Neighbours!$L$2:$L$1121,1) -> 1
A7: Niger | B7: =_xlfn.MAXIFS(Raw_Neighbours!$D$2:$D$1121,Raw_Neighbours!$A$2:$A$1121,"NER",Raw_Neighbours!$E$2:$E$1121,"DTP3",Raw_Neighbours!$K$2:$K$1121,1,Raw_Neighbours!$L$2:$L$1121,1) -> 2011 | C7: =IFERROR(AVERAGEIFS(Raw_Neighbours!$H$2:$H$1121,Raw_Neighbours!$A$2:$A$1121,"NER",Raw_Neighbours!$E$2:$E$1121,"DTP1",Raw_Neighbours!$D$2:$D$1121,$B7,Raw_Neighbours!$K$2:$K$1121,1,Raw_Neighbours!$L$2:$L$1121,1),"") -> 86.2 | D7: =IFERROR(AVERAGEIFS(Raw_Neighbours!$H$2:$H$1121,Raw_Neighbours!$A$2:$A$1121,"NER",Raw_Neighbours!$E$2:$E$1121,"DTP3",Raw_Neighbours!$D$2:$D$1121,$B7,Raw_Neighbours!$K$2:$K$1121,1,Raw_Neighbours!$L$2:$L$1121,1),"") -> 68.1 | E7: =IFERROR(AVERAGEIFS(Raw_Neighbours!$H$2:$H$1121,Raw_Neighbours!$A$2:$A$1121,"NER",Raw_Neighbours!$E$2:$E$1121,"MCV1",Raw_Neighbours!$D$2:$D$1121,$B7,Raw_Neighbours!$K$2:$K$1121,1,Raw_Neighbours!$L$2:$L$1121,1),"") -> 68.7 | F7: =IFERROR(AVERAGEIFS(Raw_Neighbours!$H$2:$H$1121,Raw_Neighbours!$A$2:$A$1121,"NER",Raw_Neighbours!$E$2:$E$1121,"FULL",Raw_Neighbours!$D$2:$D$1121,$B7,Raw_Neighbours!$K$2:$K$1121,1,Raw_Neighbours!$L$2:$L$1121,1),"") -> 52 | G7: =IF(ISNUMBER(C7),100-C7,"") -> 13.8 | H7: =IF(AND(ISNUMBER(C7),ISNUMBER(D7)),IF(C7>0,(C7-D7)/C7*100,""),"") -> 20.99768 | I7: =COUNTIFS(Raw_Neighbours!$A$2:$A$1121,"NER",Raw_Neighbours!$E$2:$E$1121,"DTP3",Raw_Neighbours!$D$2:$D$1121,$B7,Raw_Neighbours!$K$2:$K$1121,1,Raw_Neighbours!$L$2:$L$1121,1) -> 1
A8: Chad | B8: =_xlfn.MAXIFS(Raw_Neighbours!$D$2:$D$1121,Raw_Neighbours!$A$2:$A$1121,"TCD",Raw_Neighbours!$E$2:$E$1121,"DTP3",Raw_Neighbours!$K$2:$K$1121,1,Raw_Neighbours!$L$2:$L$1121,1) -> 2013 | C8: =IFERROR(AVERAGEIFS(Raw_Neighbours!$H$2:$H$1121,Raw_Neighbours!$A$2:$A$1121,"TCD",Raw_Neighbours!$E$2:$E$1121,"DTP1",Raw_Neighbours!$D$2:$D$1121,$B8,Raw_Neighbours!$K$2:$K$1121,1,Raw_Neighbours!$L$2:$L$1121,1),"") -> 58.3 | D8: =IFERROR(AVERAGEIFS(Raw_Neighbours!$H$2:$H$1121,Raw_Neighbours!$A$2:$A$1121,"TCD",Raw_Neighbours!$E$2:$E$1121,"DTP3",Raw_Neighbours!$D$2:$D$1121,$B8,Raw_Neighbours!$K$2:$K$1121,1,Raw_Neighbours!$L$2:$L$1121,1),"") -> 33.2 | E8: =IFERROR(AVERAGEIFS(Raw_Neighbours!$H$2:$H$1121,Raw_Neighbours!$A$2:$A$1121,"TCD",Raw_Neighbours!$E$2:$E$1121,"MCV1",Raw_Neighbours!$D$2:$D$1121,$B8,Raw_Neighbours!$K$2:$K$1121,1,Raw_Neighbours!$L$2:$L$1121,1),"") -> 56.9 | F8: =IFERROR(AVERAGEIFS(Raw_Neighbours!$H$2:$H$1121,Raw_Neighbours!$A$2:$A$1121,"TCD",Raw_Neighbours!$E$2:$E$1121,"FULL",Raw_Neighbours!$D$2:$D$1121,$B8,Raw_Neighbours!$K$2:$K$1121,1,Raw_Neighbours!$L$2:$L$1121,1),"") -> 25.3 | G8: =IF(ISNUMBER(C8),100-C8,"") -> 41.7 | H8: =IF(AND(ISNUMBER(C8),ISNUMBER(D8)),IF(C8>0,(C8-D8)/C8*100,""),"") -> 43.053173 | I8: =COUNTIFS(Raw_Neighbours!$A$2:$A$1121,"TCD",Raw_Neighbours!$E$2:$E$1121,"DTP3",Raw_Neighbours!$D$2:$D$1121,$B8,Raw_Neighbours!$K$2:$K$1121,1,Raw_Neighbours!$L$2:$L$1121,1) -> 1
A9: Cameroon | B9: =_xlfn.MAXIFS(Raw_Neighbours!$D$2:$D$1121,Raw_Neighbours!$A$2:$A$1121,"CMR",Raw_Neighbours!$E$2:$E$1121,"DTP3",Raw_Neighbours!$K$2:$K$1121,1,Raw_Neighbours!$L$2:$L$1121,1) -> 2017 | C9: =IFERROR(AVERAGEIFS(Raw_Neighbours!$H$2:$H$1121,Raw_Neighbours!$A$2:$A$1121,"CMR",Raw_Neighbours!$E$2:$E$1121,"DTP1",Raw_Neighbours!$D$2:$D$1121,$B9,Raw_Neighbours!$K$2:$K$1121,1,Raw_Neighbours!$L$2:$L$1121,1),"") -> 83.3 | D9: =IFERROR(AVERAGEIFS(Raw_Neighbours!$H$2:$H$1121,Raw_Neighbours!$A$2:$A$1121,"CMR",Raw_Neighbours!$E$2:$E$1121,"DTP3",Raw_Neighbours!$D$2:$D$1121,$B9,Raw_Neighbours!$K$2:$K$1121,1,Raw_Neighbours!$L$2:$L$1121,1),"") -> 71.5 | E9: =IFERROR(AVERAGEIFS(Raw_Neighbours!$H$2:$H$1121,Raw_Neighbours!$A$2:$A$1121,"CMR",Raw_Neighbours!$E$2:$E$1121,"MCV1",Raw_Neighbours!$D$2:$D$1121,$B9,Raw_Neighbours!$K$2:$K$1121,1,Raw_Neighbours!$L$2:$L$1121,1),"") -> 65.3 | F9: =IFERROR(AVERAGEIFS(Raw_Neighbours!$H$2:$H$1121,Raw_Neighbours!$A$2:$A$1121,"CMR",Raw_Neighbours!$E$2:$E$1121,"FULL",Raw_Neighbours!$D$2:$D$1121,$B9,Raw_Neighbours!$K$2:$K$1121,1,Raw_Neighbours!$L$2:$L$1121,1),"") -> 52.2 | G9: =IF(ISNUMBER(C9),100-C9,"") -> 16.7 | H9: =IF(AND(ISNUMBER(C9),ISNUMBER(D9)),IF(C9>0,(C9-D9)/C9*100,""),"") -> 14.165666 | I9: =COUNTIFS(Raw_Neighbours!$A$2:$A$1121,"CMR",Raw_Neighbours!$E$2:$E$1121,"DTP3",Raw_Neighbours!$D$2:$D$1121,$B9,Raw_Neighbours!$K$2:$K$1121,1,Raw_Neighbours!$L$2:$L$1121,1) -> 1
A11: Check column: DTP3 values per country-year should be 1. A value above 1 means two surveys share that cohort year and are averaged.
A12: Source: same WUENIC survey-data file; neighbour rows extracted to Raw_Neighbours (core vaccines only).

Sheet Findings
A1: Step 8 - Interpretation and recommendations
A2: Sentences in section A are built from live formulas, so they update if the data or assumptions change.
A4: A. What the data show (national level)
A5: ="1. Coverage over time: in DHS surveys, DTP3 coverage rose from "&TEXT(Summary!B14,"0.0")&"% (cohort "&Summary!B5&") to "&TEXT(Summary!C14,"0.0")&"% (cohort "&Summary!B6&"), about "&TEXT(Summary!B21,"0.00")&" percentage points per year on average." -> 1. Coverage over time: in DHS surveys, DTP3 coverage rose from 33.3% (cohort 1989) to 53.4% (cohort 2022), about 0.80 percentage points per year on average.
A6: ="2. Full vaccination is still low: "&TEXT(Summary!C17,"0.0")&"% of children aged 12-23 months were fully vaccinated in the latest DHS, so about "&TEXT(100-Summary!C17,"0.0")&"% were not." -> 2. Full vaccination is still low: 39.4% of children aged 12-23 months were fully vaccinated in the latest DHS, so about 60.6% were not.
A7: ="3. Children missed entirely: by the DTP1 proxy, "&TEXT(Summary!C32,"0.0")&"% of children had no DTP dose in the latest DHS (cohort "&Summary!B6&"), versus "&TEXT(Summary!B32,"0.0")&"% in the previous DHS (cohort "&Summary!B7&"). This is not a clear improvement." -> 3. Children missed entirely: by the DTP1 proxy, 37.1% of children had no DTP dose in the latest DHS (cohort 2022), versus 34.7% in the previous DHS (cohort 2017). This is not a clear improvement.
A8: ="4. Children who start but do not finish: DTP dropout was "&TEXT(Summary!C33,"0.0")&"% in the latest DHS versus "&TEXT(Summary!B33,"0.0")&"% before. Dropout fell while the zero-dose proxy did not, so gains came from finishing the series rather than reaching more children." -> 4. Children who start but do not finish: DTP dropout was 15.1% in the latest DHS versus 23.3% before. Dropout fell while the zero-dose proxy did not, so gains came from finishing the series rather than reaching more children.
A9: ="5. Is the latest DTP3 change real? Change of "&TEXT(Summary!D30,"0.0")&" pp vs an approximate margin of "&TEXT(Summary!D35,"0.0")&" pp (assumed design effect "&TEXT(Coverage!B3,"0.0")&"): "&Summary!D36&"." -> 5. Is the latest DTP3 change real? Change of 3.3 pp vs an approximate margin of 2.6 pp (assumed design effect 2.0): Only modestly larger than assumed sampling noise: treat as suggestive.
A10: ="6. Survey families disagree: national coverage surveys reported DTP3 about "&TEXT(Summary!D40,"0.0")&" and "&TEXT(Summary!D41,"0.0")&" points above the nearest MICS. Treat each family as its own series." -> 6. Survey families disagree: national coverage surveys reported DTP3 about 23.9 and 23.0 points above the nearest MICS. Treat each family as its own series.
A11: ="7. Regional context: latest DHS/MICS DTP3 is "&TEXT(Benchmark!D5,"0.0")&"% in Nigeria (cohort "&Benchmark!B5&") versus "&TEXT(Benchmark!D6,"0.0")&"% in Benin, "&TEXT(Benchmark!D8,"0.0")&"% in Chad and "&TEXT(Benchmark!D9,"0.0")&"% in Cameroon (different years)." -> 7. Regional context: latest DHS/MICS DTP3 is 53.4% in Nigeria (cohort 2022) versus 67.3% in Benin, 33.2% in Chad and 71.5% in Cameroon (different years).
A13: B. Recommendations that these data can support
A14: 1. Make children with no DTP dose (the zero-dose group) the first priority for outreach: reach-every-child microplanning, defaulter tracing and community mobilisation, and not only broad campaigns.
A15: 2. Keep reducing dropout between first and third doses (reminders, session scheduling, vaccine availability), and add attention to measles, where coverage trails DTP1.
A16: 3. Use one standard indicator definition and report survey families separately in all public reporting; do not splice coverage-survey, MICS and DHS numbers into one trend.
A17: 4. Treat small year-to-year movements with caution: report margins of error, and avoid claiming progress or decline when the change is within sampling noise.
A19: C. What these data cannot tell you (limits)
A20: - No state, urban/rural, wealth, mother's education or sex breakdowns: geographic and equity conclusions, and any statement about who is missed, need additional data (DHS/MICS subnational tables or microdata).
A21: - All figures are crude survey estimates, not the official WHO/UNICEF national estimates; they come from caregiver recall as well as cards, and cards seen vary by survey.
A22: - Few survey points per family: slopes and comparisons are descriptive. Margins of error depend on an assumed design effect.
A23: - Associations with risk factors cannot be assessed here; that needs child-level data.

Sheet Power_BI_Guide
A1: Step 7 - Build the interactive dashboard in Power BI Desktop
A3: Step | B3: What to do
A4: 1. Load the data | B4: Home > Get data > Excel workbook > select this file. Tick: Clean_Data, Surveys. (Coverage is optional.)
A5: 2. Filter in Power Query | B5: Open Transform data. On Clean_Data, filter Standard_Comparable = 1 and Core_Vaccine = 1. Check column types: Cohort_Year, Collect_End_Year and Coverage_Pct as numbers; Vaccine, Survey_Family as text. Denominator_n and Cards_Seen_Pct hold blanks as text: set them to Decimal and replace errors with null, or remove them if unused. Close & Apply.
A6: 3. Relationship | B6: Model view: Surveys[Survey] (one) to Clean_Data[Survey] (many). Single direction.
A7: 4. Measures (new measure, paste each) | B7: Coverage % = AVERAGE ( Clean_Data[Coverage_Pct] ) DTP1 % = CALCULATE ( [Coverage %], Clean_Data[Vaccine] = "DTP1" ) DTP3 % = CALCULATE ( [Coverage %], Clean_Data[Vaccine] = "DTP3" ) Zero-dose proxy % = 100 - [DTP1 %] DTP dropout % = DIVIDE ( [DTP1 %] - [DTP3 %], [DTP1 %] ) * 100 Latest cohort year = CALCULATE ( MAX ( Clean_Data[Cohort_Year] ), ALLSELECTED ( Clean_Data[Cohort_Year] ) )
A8: 5. Page 1: coverage over time | B8: Line chart: X = Cohort_Year, Y = Coverage %, Legend = Vaccine. Slicers: Survey_Family (default DHS and MICS), Vaccine. Add a note card: 'Crude survey estimates, children 12-23 months, card or recall.'
A9: 6. Page 2: survey families compared | B9: Scatter or line chart with Legend = Survey_Family, Y = DTP3 % (filter Vaccine = DTP3). Purpose: show that coverage surveys read higher than DHS/MICS.
A10: 7. Page 3: gaps | B10: Cards: Zero-dose proxy %, DTP dropout %, FULL coverage (visual-level filter Vaccine = FULL). Clustered bar by Survey for the latest years.
A11: 8. Page 4: what is missing | B11: Text box listing the limits in the Findings sheet. When you get state or wealth tables from the DHS API, add them as new tables and extend page 1 with a map or bar chart by state or wealth quintile.
A12: 9. Check before presenting | B12: Confirm a card for DTP3 matches the Summary sheet for the same survey family and year. Do not mix DHS, MICS and coverage surveys in one line without the family legend.
